student_id,attendance_pct,past_marks,submission_rate,login_frequency,resume_scans_count,mock_interview_score,career_chat_activity_count,at_risk
STU-00001,81.8,59.3,0.692,2,3,58.4,2,0
STU-00002,64.7,60.0,0.592,3,3,52.1,6,1
STU-00003,98.6,89.7,0.815,6,3,85.7,6,0
STU-00004,75.4,53.0,0.666,2,2,37.8,1,1
STU-00005,59.7,63.0,0.665,4,4,60.7,9,0
STU-00006,67.2,69.7,0.726,7,6,58.5,7,0
STU-00007,74.8,64.3,0.725,4,5,58.2,4,1
STU-00008,72.9,67.0,0.655,4,4,47.4,3,0
STU-00009,84.3,87.7,0.849,5,1,73.1,8,0
STU-00010,65.4,58.7,0.674,5,3,58.6,1,1
STU-00011,89.4,85.0,0.676,4,2,80.0,5,0
STU-00012,79.7,65.0,0.79,8,4,48.9,6,0
STU-00013,72.2,41.7,0.568,3,1,39.1,5,1
STU-00014,72.4,43.3,0.434,2,3,28.9,4,1
STU-00015,75.4,60.3,0.568,2,4,46.0,4,1
STU-00016,61.6,50.3,0.52,1,2,31.6,3,1
STU-00017,71.3,52.7,0.618,3,5,43.7,6,1
STU-00018,71.3,73.3,0.695,2,3,67.4,6,0
STU-00019,92.5,92.0,0.783,11,4,71.9,3,0
STU-00020,87.9,78.3,0.841,7,3,73.9,5,0
STU-00021,73.6,66.3,0.709,4,4,54.6,5,0
STU-00022,50.1,22.0,0.485,2,0,27.1,2,1
STU-00023,84.3,68.3,0.724,2,3,53.2,6,0
STU-00024,86.0,75.7,0.828,6,5,67.7,2,0
STU-00025,86.0,80.0,0.631,5,5,69.2,7,0
STU-00026,95.5,100.0,0.871,9,5,83.9,4,0
STU-00027,100.0,98.0,0.716,6,3,95.5,10,0
STU-00028,91.3,79.3,0.8,5,5,74.4,9,0
STU-00029,71.4,52.3,0.611,3,1,44.9,5,1
STU-00030,86.9,68.7,0.827,7,1,76.6,7,0
STU-00031,84.6,54.7,0.718,6,2,57.1,3,0
STU-00032,70.2,62.3,0.678,5,5,39.8,6,0
STU-00033,75.0,74.7,0.683,5,4,68.6,3,0
STU-00034,74.1,77.3,0.775,3,1,67.5,3,0
STU-00035,67.0,39.3,0.504,4,1,29.7,2,1
STU-00036,87.3,76.3,0.732,4,2,67.5,5,0
STU-00037,79.5,78.3,0.821,4,3,52.8,8,0
STU-00038,67.8,46.0,0.585,5,0,58.8,7,1
STU-00039,71.2,71.0,0.769,6,1,64.5,11,0
STU-00040,95.7,84.7,0.878,5,6,73.0,2,0
STU-00041,87.9,83.7,0.692,9,1,66.4,10,0
STU-00042,86.5,66.0,0.808,5,2,50.5,4,0
STU-00043,74.2,75.3,0.783,3,4,61.5,6,0
STU-00044,94.5,88.7,0.851,8,2,79.5,5,0
STU-00045,65.9,44.7,0.512,2,3,27.4,3,1
STU-00046,60.3,30.7,0.435,0,2,32.3,3,1
STU-00047,87.6,81.0,0.712,8,7,79.1,5,0
STU-00048,85.1,85.7,0.822,5,3,72.6,2,0
STU-00049,76.2,58.7,0.567,4,4,47.4,3,1
STU-00050,96.1,94.7,0.908,2,7,91.9,10,0
STU-00051,97.6,94.7,0.774,4,2,88.3,3,0
STU-00052,93.7,80.7,0.787,6,3,67.9,6,0
STU-00053,54.1,43.0,0.574,5,2,31.3,2,1
STU-00054,83.7,91.0,1.0,3,2,75.0,8,0
STU-00055,86.6,82.0,0.7,4,4,79.7,3,0
STU-00056,81.4,73.0,0.883,1,4,70.1,8,0
STU-00057,72.2,64.7,0.685,6,4,56.6,3,1
STU-00058,98.3,77.3,0.82,4,4,61.5,6,0
STU-00059,57.5,41.3,0.566,5,2,40.5,3,1
STU-00060,97.9,84.7,0.859,5,6,80.0,5,0
STU-00061,74.1,73.0,0.753,5,1,90.5,8,0
STU-00062,85.5,77.3,0.903,2,2,70.6,8,0
STU-00063,71.5,56.3,0.595,3,10,50.5,6,1
STU-00064,72.4,51.7,0.699,4,5,66.6,5,0
STU-00065,74.3,54.0,0.568,0,3,47.5,3,1
STU-00066,95.3,81.7,0.804,4,2,76.9,6,0
STU-00067,84.4,93.0,0.729,9,5,71.2,6,0
STU-00068,94.8,100.0,0.936,7,10,100.0,5,0
STU-00069,91.0,71.0,0.871,3,4,59.1,3,0
STU-00070,76.5,73.0,0.709,5,3,65.5,7,0
STU-00071,79.6,96.7,0.818,14,6,78.4,5,0
STU-00072,81.7,81.3,0.717,4,3,75.6,8,0
STU-00073,62.0,52.0,0.592,8,3,32.8,4,1
STU-00074,76.5,62.3,0.534,3,4,63.7,4,1
STU-00075,62.0,35.7,0.455,3,4,28.1,5,1
STU-00076,83.7,75.3,0.745,7,8,54.3,4,0
STU-00077,95.0,100.0,1.0,4,7,100.0,7,0
STU-00078,75.8,66.0,0.905,4,2,52.1,5,0
STU-00079,66.8,38.7,0.496,3,3,35.5,6,1
STU-00080,74.6,70.7,0.818,6,3,66.8,5,0
STU-00081,73.8,57.0,0.655,7,3,52.2,5,1
STU-00082,63.0,50.3,0.59,4,1,25.2,4,1
STU-00083,84.8,76.3,0.816,7,4,78.4,5,0
STU-00084,72.8,67.7,0.693,3,2,56.7,6,0
STU-00085,60.9,54.0,0.629,3,1,43.3,5,1
STU-00086,89.9,74.3,0.739,9,3,70.3,9,0
STU-00087,73.2,70.0,0.588,3,4,46.6,6,0
STU-00088,73.3,62.7,0.54,2,3,54.8,6,1
STU-00089,72.8,54.3,0.674,4,4,35.3,3,1
STU-00090,74.2,58.0,0.618,4,3,47.0,3,1
STU-00091,81.3,70.3,0.654,7,5,61.0,8,0
STU-00092,84.1,70.7,0.754,2,4,76.7,2,0
STU-00093,72.8,50.7,0.717,6,4,44.5,5,1
STU-00094,75.9,70.0,0.714,3,6,71.1,8,0
STU-00095,48.9,35.0,0.473,7,2,37.3,2,1
STU-00096,65.3,67.7,0.786,3,2,54.1,3,0
STU-00097,59.4,52.7,0.74,1,3,35.9,4,1
STU-00098,71.9,75.3,0.766,4,3,52.5,6,0
STU-00099,91.9,80.3,0.88,6,6,78.5,6,0
STU-00100,89.4,95.0,0.974,7,4,82.9,13,0
STU-00101,63.2,46.3,0.672,2,4,49.0,5,1
STU-00102,98.4,80.7,0.852,8,5,71.1,2,0
STU-00103,72.8,67.3,0.735,10,5,50.0,5,0
STU-00104,67.1,37.7,0.58,2,2,33.9,1,1
STU-00105,91.5,100.0,0.812,8,8,87.5,5,0
STU-00106,59.2,34.7,0.579,8,4,29.5,2,1
STU-00107,86.2,88.7,0.735,9,2,91.3,5,0
STU-00108,86.6,80.0,0.736,5,4,76.9,4,0
STU-00109,95.0,80.3,0.906,6,6,77.3,7,0
STU-00110,53.6,46.0,0.647,5,2,40.7,2,1
STU-00111,83.4,78.7,0.862,6,6,53.3,6,0
STU-00112,77.5,50.7,0.632,4,2,54.2,8,1
STU-00113,77.2,63.0,0.623,7,4,62.8,10,0
STU-00114,60.5,57.0,0.616,7,4,55.6,5,1
STU-00115,80.7,60.3,0.71,5,4,64.1,7,0
STU-00116,76.8,79.0,0.751,4,5,65.5,8,0
STU-00117,83.4,81.7,0.849,3,2,77.7,8,0
STU-00118,80.3,60.3,0.673,5,2,56.9,3,0
STU-00119,90.3,75.7,0.756,3,4,66.3,7,0
STU-00120,74.4,69.0,0.616,4,3,56.2,4,1
STU-00121,73.1,60.7,0.739,4,7,63.3,4,0
STU-00122,84.3,66.7,0.734,5,4,61.7,3,0
STU-00123,87.1,72.3,0.702,2,5,82.7,7,0
STU-00124,81.5,60.0,0.631,3,3,67.1,9,0
STU-00125,96.9,84.7,0.809,9,3,87.0,4,0
STU-00126,77.9,67.7,0.667,6,4,69.8,2,0
STU-00127,74.7,43.3,0.708,4,3,24.5,7,1
STU-00128,54.5,39.7,0.54,3,0,22.3,5,1
STU-00129,77.0,63.3,0.697,2,3,59.3,5,0
STU-00130,68.4,48.7,0.476,5,2,49.7,4,1
STU-00131,85.5,78.3,0.72,7,6,73.0,7,0
STU-00132,66.1,68.3,0.671,5,2,44.9,8,1
STU-00133,74.5,55.7,0.573,3,4,56.5,4,1
STU-00134,68.2,55.0,0.736,3,1,64.0,5,1
STU-00135,71.3,81.3,0.743,3,7,79.4,10,0
STU-00136,66.1,62.7,0.766,5,2,62.0,6,0
STU-00137,69.7,50.0,0.605,5,3,44.3,3,1
STU-00138,91.0,71.3,0.76,5,3,61.9,3,0
STU-00139,94.9,62.0,0.703,6,5,61.3,4,0
STU-00140,100.0,68.3,0.742,4,0,82.9,9,0
STU-00141,87.1,87.0,0.923,4,4,71.1,10,0
STU-00142,65.5,61.0,0.469,7,3,48.2,6,1
STU-00143,63.4,74.0,0.56,5,2,71.8,8,0
STU-00144,76.3,65.3,0.633,5,5,64.9,7,0
STU-00145,59.1,44.0,0.571,2,2,30.6,8,1
STU-00146,71.3,65.0,0.73,2,3,53.2,2,0
STU-00147,50.0,20.7,0.491,2,4,20.0,2,1
STU-00148,86.7,77.0,0.754,0,3,74.0,9,0
STU-00149,79.8,60.7,0.735,2,2,60.4,4,0
STU-00150,81.5,78.7,0.826,3,6,60.4,5,0
STU-00151,62.2,40.7,0.568,2,1,43.3,5,1
STU-00152,75.0,82.7,0.84,5,6,71.1,11,0
STU-00153,73.9,90.3,0.823,6,9,95.4,8,0
STU-00154,83.4,93.0,0.77,8,3,81.6,10,0
STU-00155,77.0,72.0,0.766,4,3,60.4,12,0
STU-00156,97.6,89.3,0.806,4,7,80.5,6,0
STU-00157,74.3,45.3,0.627,2,2,43.8,3,1
STU-00158,87.1,78.3,0.86,7,0,52.2,5,0
STU-00159,61.8,45.0,0.379,4,7,36.3,9,1
STU-00160,55.0,40.7,0.44,1,2,32.5,4,1
STU-00161,58.6,45.3,0.482,4,2,25.8,2,1
STU-00162,66.9,60.0,0.621,6,2,50.4,2,1
STU-00163,98.5,68.0,0.72,4,3,49.3,3,0
STU-00164,66.7,61.0,0.534,1,2,49.1,4,1
STU-00165,71.1,45.0,0.496,5,8,40.2,4,1
STU-00166,50.5,26.3,0.413,3,2,23.2,6,1
STU-00167,94.4,95.3,1.0,6,5,77.7,7,0
STU-00168,83.7,80.0,0.894,6,3,67.3,4,0
STU-00169,67.0,51.3,0.574,2,2,37.4,6,1
STU-00170,77.6,73.0,0.686,2,6,62.1,12,0
STU-00171,87.3,86.3,0.74,8,7,81.8,10,0
STU-00172,88.8,72.7,0.611,6,3,62.6,8,0
STU-00173,83.1,74.0,0.761,3,0,73.0,7,0
STU-00174,67.8,69.7,0.619,8,4,61.3,7,0
STU-00175,72.3,62.7,0.707,4,4,59.9,6,1
STU-00176,78.2,71.0,0.577,3,6,79.7,6,0
STU-00177,82.2,58.0,0.579,4,2,48.2,9,1
STU-00178,90.4,80.7,0.815,5,3,74.3,7,0
STU-00179,83.1,68.7,0.773,8,6,63.0,4,0
STU-00180,95.8,90.7,0.887,8,4,77.3,5,0
STU-00181,95.4,74.0,0.664,3,2,76.4,6,0
STU-00182,74.4,62.0,0.728,5,1,47.2,6,0
STU-00183,90.6,90.0,0.786,4,6,80.0,5,0
STU-00184,77.0,54.0,0.671,8,6,41.6,1,1
STU-00185,89.9,75.3,0.776,5,5,64.2,6,0
STU-00186,96.9,73.7,0.658,9,4,56.6,4,0
STU-00187,76.9,68.0,0.665,2,8,54.1,2,0
STU-00188,50.8,32.0,0.539,2,0,34.2,5,1
STU-00189,69.6,76.0,0.779,8,2,66.2,11,0
STU-00190,85.5,64.3,0.66,5,3,67.2,6,0
STU-00191,94.7,83.7,0.891,4,3,77.1,6,0
STU-00192,84.3,72.3,0.842,3,3,73.7,8,0
STU-00193,74.7,72.0,0.689,6,2,76.3,7,0
STU-00194,100.0,88.7,0.903,4,6,82.6,4,0
STU-00195,62.9,57.0,0.79,5,4,49.0,4,1
STU-00196,81.5,95.0,0.982,6,3,80.7,11,0
STU-00197,74.4,55.3,0.528,3,2,59.4,4,1
STU-00198,89.5,87.3,0.763,2,4,82.3,2,0
STU-00199,76.3,69.7,0.817,8,5,54.0,6,0
STU-00200,78.7,77.3,0.652,4,1,70.4,3,0
STU-00201,68.2,46.3,0.476,3,5,32.9,3,1
STU-00202,88.5,57.0,0.646,2,2,60.7,5,0
STU-00203,69.0,52.0,0.644,4,2,47.5,3,1
STU-00204,77.4,62.0,0.652,1,0,51.2,10,1
STU-00205,65.9,60.7,0.651,4,2,64.1,4,0
STU-00206,92.3,88.0,0.786,4,4,70.9,7,0
STU-00207,79.1,89.0,0.738,7,5,77.0,6,0
STU-00208,62.0,56.7,0.563,2,2,44.5,5,1
STU-00209,63.9,55.7,0.811,1,3,70.2,3,0
STU-00210,64.7,49.0,0.619,3,3,42.9,8,1
STU-00211,100.0,100.0,0.971,4,5,88.2,1,0
STU-00212,64.7,64.3,0.633,6,3,43.7,6,1
STU-00213,78.5,74.0,0.705,6,5,73.3,6,0
STU-00214,64.7,51.3,0.55,2,4,40.8,4,1
STU-00215,75.4,72.7,0.501,4,2,55.4,5,1
STU-00216,79.5,61.0,0.545,5,3,54.5,4,1
STU-00217,89.3,72.3,0.617,8,1,74.7,9,0
STU-00218,95.2,90.7,0.623,4,3,82.1,6,0
STU-00219,96.9,100.0,0.804,3,3,93.2,7,0
STU-00220,76.6,63.3,0.823,4,3,63.1,3,0
STU-00221,68.9,56.7,0.63,7,0,50.0,1,0
STU-00222,69.6,51.0,0.708,3,0,46.0,4,1
STU-00223,81.9,79.3,0.78,2,3,70.8,9,0
STU-00224,69.1,70.3,0.764,4,1,68.5,8,0
STU-00225,81.6,80.0,0.678,9,1,68.5,9,0
STU-00226,84.3,66.0,0.772,2,1,57.6,9,0
STU-00227,83.9,47.3,0.645,3,0,39.1,3,1
STU-00228,93.5,78.7,0.697,1,8,72.9,7,0
STU-00229,63.8,55.0,0.67,5,2,32.5,3,1
STU-00230,73.3,67.3,0.732,3,3,43.0,10,0
STU-00231,80.4,83.7,0.774,2,4,86.5,3,0
STU-00232,71.0,67.0,0.595,8,4,69.1,2,0
STU-00233,87.3,71.3,0.662,2,8,58.5,5,0
STU-00234,100.0,86.3,0.839,5,2,82.2,9,0
STU-00235,76.2,80.7,0.779,4,3,65.4,6,0
STU-00236,84.1,97.0,0.772,6,6,80.4,4,0
STU-00237,59.4,65.3,0.679,1,1,58.0,7,1
STU-00238,90.6,86.0,0.876,7,7,70.8,9,0
STU-00239,64.4,59.7,0.698,5,2,41.9,12,1
STU-00240,77.9,63.7,0.842,4,3,59.7,4,0
STU-00241,79.7,73.0,0.867,4,6,68.9,7,0
STU-00242,88.0,79.3,0.717,9,5,66.4,7,0
STU-00243,51.0,40.7,0.688,3,1,40.9,6,1
STU-00244,61.9,60.3,0.609,5,1,47.9,8,1
STU-00245,100.0,74.7,0.857,3,3,68.1,6,0
STU-00246,63.6,61.3,0.662,8,11,54.4,4,1
STU-00247,87.2,93.0,0.832,3,9,86.0,5,0
STU-00248,90.4,72.3,0.567,4,3,68.2,3,0
STU-00249,100.0,82.3,0.748,7,2,62.5,5,0
STU-00250,81.8,82.3,0.687,7,4,66.8,10,0
STU-00251,68.5,58.0,0.717,3,1,46.8,6,1
STU-00252,72.4,55.7,0.75,3,7,47.8,8,1
STU-00253,88.9,70.7,0.64,8,1,50.1,1,0
STU-00254,69.3,69.3,0.721,0,5,47.8,2,0
STU-00255,78.9,61.3,0.649,5,1,61.6,6,1
STU-00256,74.3,53.0,0.565,3,3,39.0,3,1
STU-00257,81.6,74.7,0.785,7,2,51.8,7,0
STU-00258,75.4,73.3,0.714,9,4,70.1,5,0
STU-00259,86.6,76.7,0.923,9,1,68.1,10,0
STU-00260,65.4,66.7,0.645,0,3,65.9,8,1
STU-00261,93.0,92.7,0.943,9,4,87.0,7,0
STU-00262,84.4,74.0,0.778,0,2,73.3,5,0
STU-00263,60.7,31.3,0.57,6,2,24.9,3,1
STU-00264,80.0,68.7,0.708,12,5,45.1,6,0
STU-00265,99.7,96.3,0.878,4,3,80.8,4,0
STU-00266,69.8,39.3,0.537,2,3,32.4,5,1
STU-00267,78.6,72.3,0.645,2,5,64.4,9,0
STU-00268,97.3,93.0,0.918,6,5,72.7,4,0
STU-00269,79.6,58.3,0.744,5,4,57.2,3,0
STU-00270,89.9,82.0,0.857,7,1,68.7,3,0
STU-00271,72.5,54.7,0.796,8,3,56.3,2,0
STU-00272,90.1,95.3,0.943,8,5,80.9,7,0
STU-00273,87.4,78.0,0.76,6,4,80.2,8,0
STU-00274,99.9,71.7,0.788,9,3,77.5,7,0
STU-00275,94.7,86.0,0.73,4,4,76.8,4,0
STU-00276,79.8,71.3,0.709,7,3,67.5,3,0
STU-00277,66.8,60.3,0.604,2,4,48.5,6,1
STU-00278,73.9,63.7,0.848,2,2,84.7,4,0
STU-00279,88.6,78.3,0.771,7,4,56.8,4,0
STU-00280,85.6,68.3,0.724,4,2,61.9,1,0
STU-00281,61.1,28.3,0.587,7,3,31.3,6,1
STU-00282,62.8,66.7,0.51,5,2,62.7,5,1
STU-00283,73.1,48.0,0.429,5,1,44.7,2,1
STU-00284,90.3,93.7,0.882,4,3,85.0,12,0
STU-00285,80.8,79.0,0.8,4,6,58.5,3,0
STU-00286,67.8,58.0,0.66,3,1,62.0,3,1
STU-00287,89.3,76.7,0.677,3,3,71.5,6,0
STU-00288,66.2,46.3,0.58,5,4,49.4,2,1
STU-00289,74.7,52.7,0.824,2,5,36.5,5,1
STU-00290,79.5,78.3,0.808,7,0,68.6,5,0
STU-00291,88.2,100.0,0.864,4,4,80.5,6,0
STU-00292,79.2,73.7,0.683,3,7,67.2,3,0
STU-00293,84.9,65.7,0.647,4,7,58.4,7,0
STU-00294,54.0,60.0,0.48,4,2,53.9,1,1
STU-00295,77.4,58.0,0.711,2,1,48.8,7,0
STU-00296,87.2,91.0,0.873,5,7,76.9,5,0
STU-00297,73.6,59.0,0.519,4,0,48.7,5,1
STU-00298,84.5,93.7,0.765,17,1,83.6,11,0
STU-00299,70.8,84.7,0.681,9,3,79.9,8,0
STU-00300,77.5,49.3,0.569,3,3,51.1,4,1
STU-00301,83.5,58.7,0.648,4,1,39.7,6,1
STU-00302,74.1,70.7,0.587,3,6,68.9,4,0
STU-00303,92.9,75.3,0.826,6,6,92.9,5,0
STU-00304,67.9,56.0,0.69,4,3,60.8,6,1
STU-00305,89.6,100.0,0.83,4,5,61.2,13,0
STU-00306,61.9,54.0,0.422,9,2,46.4,2,1
STU-00307,74.3,70.3,0.622,6,3,67.2,6,0
STU-00308,90.4,80.7,0.852,6,1,67.1,9,0
STU-00309,92.0,77.7,0.566,1,1,70.3,10,0
STU-00310,92.8,79.3,0.719,6,5,65.3,6,0
STU-00311,76.5,51.7,0.514,2,1,48.3,7,1
STU-00312,85.0,64.3,0.786,1,5,53.5,4,0
STU-00313,93.4,80.3,0.698,7,5,77.8,6,0
STU-00314,92.7,81.3,0.839,8,6,76.7,10,0
STU-00315,83.9,73.7,0.764,3,4,55.1,4,0
STU-00316,82.8,88.7,0.94,7,9,84.4,7,0
STU-00317,88.4,77.7,0.772,4,3,61.7,5,0
STU-00318,84.6,81.0,0.835,9,1,72.4,7,0
STU-00319,86.6,59.3,0.578,4,4,53.9,5,0
STU-00320,64.1,60.7,0.749,4,4,68.7,3,1
STU-00321,90.1,70.3,0.691,3,3,62.3,5,0
STU-00322,76.7,73.3,0.672,6,2,45.1,5,0
STU-00323,75.7,50.0,0.598,2,5,37.8,6,1
STU-00324,69.3,42.3,0.437,2,2,39.6,2,1
STU-00325,79.5,48.3,0.61,1,4,47.4,4,1
STU-00326,69.8,43.7,0.646,6,1,55.3,2,1
STU-00327,60.5,59.0,0.668,6,1,61.4,5,1
STU-00328,73.4,46.3,0.505,5,2,48.9,2,1
STU-00329,73.0,62.7,0.703,4,4,54.1,8,0
STU-00330,81.5,71.3,0.816,9,1,81.6,3,0
STU-00331,73.7,40.3,0.401,4,1,31.3,4,1
STU-00332,94.5,82.3,0.726,6,9,72.7,4,0
STU-00333,78.5,85.3,0.847,7,3,69.2,10,0
STU-00334,64.3,58.7,0.665,5,2,39.8,6,1
STU-00335,84.6,69.7,0.781,2,3,63.5,6,0
STU-00336,71.0,76.7,0.882,4,1,63.3,7,0
STU-00337,68.4,62.3,0.699,6,4,58.8,5,0
STU-00338,65.6,41.0,0.608,4,2,31.7,7,1
STU-00339,91.0,84.3,0.989,4,1,61.5,5,0
STU-00340,96.9,88.0,0.823,3,7,70.0,3,0
STU-00341,61.5,72.3,0.648,4,2,63.2,5,1
STU-00342,78.3,69.3,0.731,2,4,59.5,1,0
STU-00343,63.7,40.3,0.587,3,3,29.8,2,1
STU-00344,86.9,86.7,0.741,4,5,69.9,3,0
STU-00345,100.0,88.7,0.761,6,1,86.5,11,0
STU-00346,73.4,77.3,0.971,2,3,84.9,6,0
STU-00347,83.5,77.0,0.811,3,4,67.2,5,0
STU-00348,94.3,82.7,0.755,6,6,79.0,3,0
STU-00349,56.6,50.3,0.675,2,2,50.4,5,1
STU-00350,97.1,75.0,0.766,3,5,65.5,9,0
STU-00351,75.0,61.0,0.635,4,3,51.7,4,1
STU-00352,90.7,88.3,0.837,8,3,74.8,4,0
STU-00353,73.6,54.7,0.57,6,1,44.0,4,1
STU-00354,77.5,59.7,0.677,6,5,52.1,2,0
STU-00355,100.0,100.0,1.0,5,4,93.3,8,0
STU-00356,86.0,69.7,0.786,9,1,71.7,5,0
STU-00357,88.2,74.7,0.743,6,3,62.0,5,0
STU-00358,72.8,57.7,0.598,5,1,49.1,9,1
STU-00359,71.2,71.7,0.676,3,4,72.0,4,0
STU-00360,76.0,53.3,0.646,4,2,70.0,5,1
STU-00361,75.6,70.3,0.671,6,5,70.0,6,0
STU-00362,83.4,79.3,0.82,3,3,58.0,4,0
STU-00363,89.1,64.7,0.585,4,4,66.6,7,0
STU-00364,88.5,95.3,0.946,9,4,85.2,8,0
STU-00365,93.5,92.0,0.83,10,2,88.5,7,0
STU-00366,95.3,88.7,0.823,9,3,69.2,4,0
STU-00367,67.5,61.7,0.568,8,5,38.7,3,1
STU-00368,84.2,100.0,0.956,6,2,82.2,10,0
STU-00369,83.3,82.0,0.86,3,0,75.5,8,0
STU-00370,87.2,80.7,0.83,6,4,70.9,9,0
STU-00371,65.8,46.0,0.459,1,2,42.3,5,1
STU-00372,83.0,63.7,0.735,3,5,55.8,5,0
STU-00373,86.7,79.3,0.779,6,4,70.7,3,0
STU-00374,92.6,92.7,0.685,12,6,83.0,8,0
STU-00375,89.8,91.0,0.803,6,6,75.2,4,0
STU-00376,95.8,76.7,0.762,2,3,65.8,4,0
STU-00377,80.7,64.7,0.768,4,2,76.9,5,0
STU-00378,63.1,71.3,0.721,4,6,61.8,7,1
STU-00379,87.8,52.3,0.685,3,0,52.8,5,1
STU-00380,59.8,40.0,0.668,3,3,34.8,2,1
STU-00381,79.4,74.7,0.821,5,8,61.7,6,0
STU-00382,81.9,61.7,0.429,3,4,48.9,4,1
STU-00383,65.6,70.7,0.678,3,4,61.7,8,0
STU-00384,69.4,73.7,0.705,4,7,58.6,4,0
STU-00385,77.5,79.3,0.656,4,1,74.3,7,0
STU-00386,72.5,55.7,0.686,3,3,49.0,8,1
STU-00387,81.7,74.7,0.823,9,4,64.3,5,0
STU-00388,64.0,34.0,0.433,1,3,33.6,8,1
STU-00389,78.2,51.7,0.685,3,3,50.2,5,1
STU-00390,70.1,77.7,0.665,3,5,49.9,4,0
STU-00391,55.7,59.7,0.595,3,3,55.4,5,1
STU-00392,91.8,85.3,0.945,14,5,81.5,4,0
STU-00393,74.1,72.0,0.667,3,2,53.3,4,0
STU-00394,85.9,66.0,0.767,1,2,70.3,6,0
STU-00395,84.0,75.7,0.579,4,3,53.1,6,0
STU-00396,72.2,58.3,0.791,4,3,57.9,2,0
STU-00397,67.4,38.0,0.588,1,1,31.8,4,1
STU-00398,91.1,81.0,0.79,10,0,58.7,5,0
STU-00399,71.2,50.0,0.646,0,1,43.9,7,1
STU-00400,76.4,63.0,0.602,5,6,58.3,7,0
STU-00401,95.7,97.7,0.983,3,8,86.6,2,0
STU-00402,75.4,46.7,0.607,8,3,41.8,5,1
STU-00403,86.7,80.0,0.734,3,1,67.0,6,0
STU-00404,66.1,53.0,0.576,4,2,41.2,11,1
STU-00405,81.2,72.3,0.665,3,5,46.6,5,0
STU-00406,70.4,60.7,0.709,2,3,61.7,2,0
STU-00407,90.0,84.0,0.84,3,4,77.4,6,0
STU-00408,74.5,52.7,0.665,7,4,38.9,5,1
STU-00409,69.2,67.0,0.734,5,2,55.9,6,1
STU-00410,74.6,86.0,0.821,7,3,79.3,7,0
STU-00411,74.4,88.3,0.758,5,2,64.7,3,0
STU-00412,67.4,86.0,0.958,5,7,74.2,8,0
STU-00413,79.0,68.3,0.616,3,4,61.4,6,0
STU-00414,83.1,73.0,0.816,5,5,57.8,9,0
STU-00415,88.0,100.0,0.959,8,3,76.2,8,0
STU-00416,86.9,72.3,0.693,5,1,64.5,5,0
STU-00417,91.2,85.7,0.957,6,0,72.9,6,0
STU-00418,74.8,45.7,0.658,1,4,40.7,5,1
STU-00419,73.3,64.0,0.748,5,1,48.1,2,0
STU-00420,87.9,74.3,0.724,0,5,62.5,4,0
STU-00421,72.0,58.7,0.626,4,2,57.0,4,0
STU-00422,66.9,61.7,0.642,3,2,39.1,3,1
STU-00423,62.0,47.0,0.616,1,2,39.9,4,1
STU-00424,70.3,79.3,0.859,7,1,59.8,10,0
STU-00425,79.4,90.3,0.816,3,2,68.4,4,0
STU-00426,84.2,92.7,0.74,7,6,80.9,6,0
STU-00427,93.5,95.3,0.893,8,5,76.7,7,0
STU-00428,83.3,58.3,0.715,5,2,39.8,3,0
STU-00429,60.1,55.0,0.677,4,2,57.3,6,1
STU-00430,84.2,81.0,0.815,4,4,76.2,6,0
STU-00431,74.5,81.7,0.737,8,6,54.0,8,0
STU-00432,84.2,62.0,0.636,4,1,48.9,6,0
STU-00433,77.7,57.0,0.616,5,0,61.2,6,0
STU-00434,66.5,76.3,0.601,5,3,62.6,8,0
STU-00435,82.8,69.7,0.717,4,6,71.2,4,0
STU-00436,76.3,79.0,0.738,5,6,72.1,8,0
STU-00437,93.4,98.0,0.855,4,1,93.7,8,0
STU-00438,74.4,82.0,0.524,3,4,61.5,7,0
STU-00439,78.1,83.7,0.669,10,4,75.0,3,0
STU-00440,67.3,43.0,0.655,3,2,26.3,3,1
STU-00441,81.0,83.0,0.712,4,6,81.0,7,0
STU-00442,78.8,70.0,0.729,3,2,62.9,4,0
STU-00443,78.0,50.0,0.539,4,3,43.9,1,1
STU-00444,92.7,67.7,0.853,2,6,72.0,7,0
STU-00445,64.7,49.0,0.583,5,4,59.6,3,1
STU-00446,66.6,71.0,0.728,5,5,58.6,2,0
STU-00447,91.2,86.0,0.966,5,3,77.5,8,0
STU-00448,83.0,89.7,0.92,6,3,72.8,2,0
STU-00449,78.3,56.7,0.609,6,3,48.8,5,0
STU-00450,77.2,65.7,0.631,8,4,43.8,6,1
STU-00451,89.0,82.0,0.784,5,1,77.7,7,0
STU-00452,93.8,85.3,0.867,8,3,80.9,9,0
STU-00453,100.0,93.3,0.858,7,6,100.0,4,0
STU-00454,100.0,87.3,0.805,7,2,67.9,4,0
STU-00455,86.1,90.3,0.919,5,2,74.5,8,0
STU-00456,80.2,75.7,0.719,4,1,74.6,5,0
STU-00457,72.5,44.3,0.756,3,4,35.7,4,1
STU-00458,71.6,72.3,0.719,1,3,60.1,6,0
STU-00459,81.5,76.0,0.873,2,4,57.9,1,0
STU-00460,84.6,70.7,0.782,7,2,60.6,14,0
STU-00461,88.6,92.0,0.887,5,4,63.6,6,0
STU-00462,68.1,64.3,0.614,4,7,49.6,7,1
STU-00463,63.9,66.7,0.615,6,3,48.8,13,1
STU-00464,73.7,78.3,0.828,2,4,75.5,7,0
STU-00465,48.3,24.7,0.552,2,2,20.0,1,1
STU-00466,67.0,56.0,0.633,1,3,43.8,4,1
STU-00467,72.0,64.7,0.57,6,3,51.3,2,1
STU-00468,93.4,59.7,0.59,5,5,58.3,7,0
STU-00469,100.0,98.3,0.777,10,4,87.4,5,0
STU-00470,68.0,66.0,0.539,3,3,47.6,4,1
STU-00471,89.8,76.3,0.79,4,3,73.6,7,0
STU-00472,73.7,70.0,0.79,6,2,68.0,8,0
STU-00473,88.1,82.3,0.811,5,1,79.0,6,0
STU-00474,85.1,86.3,0.601,7,2,68.5,7,0
STU-00475,73.2,53.0,0.6,4,1,44.1,6,1
STU-00476,84.2,74.7,0.76,3,1,55.1,7,0
STU-00477,80.5,62.3,0.829,3,5,51.9,2,0
STU-00478,48.9,26.3,0.365,3,0,20.0,1,1
STU-00479,83.6,68.0,0.709,6,4,58.3,5,0
STU-00480,100.0,83.0,0.951,7,2,72.5,7,0
STU-00481,77.2,68.0,0.726,6,0,54.5,6,0
STU-00482,77.5,50.0,0.645,0,0,50.4,5,1
STU-00483,83.3,66.0,0.739,1,6,72.8,5,0
STU-00484,92.3,96.0,0.856,2,3,74.2,5,0
STU-00485,82.6,66.7,0.796,8,5,60.5,5,0
STU-00486,72.6,64.0,0.605,4,0,50.5,4,1
STU-00487,91.8,98.3,0.962,5,5,98.1,8,0
STU-00488,72.8,55.0,0.515,4,2,47.9,3,1
STU-00489,79.2,89.3,0.823,9,4,76.7,10,0
STU-00490,82.2,72.3,0.726,2,3,65.8,7,0
STU-00491,97.3,99.3,0.797,8,1,79.7,8,0
STU-00492,96.7,91.3,0.855,7,4,96.5,3,0
STU-00493,82.8,70.7,0.704,4,1,68.1,4,0
STU-00494,80.3,71.3,0.621,3,2,53.8,4,0
STU-00495,72.5,66.0,0.652,4,0,54.3,4,0
STU-00496,77.9,58.7,0.555,4,3,59.7,5,1
STU-00497,65.6,74.3,0.747,4,3,59.8,7,0
STU-00498,64.7,49.0,0.503,1,3,49.2,4,1
STU-00499,71.8,72.7,0.82,6,2,64.8,8,0
STU-00500,70.7,62.7,0.619,4,3,55.1,5,1
STU-00501,91.3,81.7,0.713,6,2,74.7,5,0
STU-00502,89.7,85.3,0.727,5,3,65.5,13,0
STU-00503,68.9,64.3,0.778,6,7,61.3,8,0
STU-00504,65.5,69.0,0.721,5,4,61.5,4,0
STU-00505,50.6,58.7,0.626,5,4,42.9,6,1
STU-00506,81.2,89.0,0.835,7,4,75.1,6,0
STU-00507,100.0,95.7,0.66,10,4,76.9,2,0
STU-00508,70.4,49.7,0.595,4,2,45.0,4,1
STU-00509,78.2,64.7,0.883,6,3,78.1,7,0
STU-00510,73.5,56.0,0.641,5,2,44.6,5,1
STU-00511,60.6,59.0,0.65,5,4,54.4,3,1
STU-00512,79.1,80.3,0.796,8,5,68.5,8,0
STU-00513,70.8,38.0,0.662,3,3,40.5,1,1
STU-00514,57.9,30.0,0.34,2,2,24.2,3,1
STU-00515,70.5,44.3,0.437,3,1,30.8,3,1
STU-00516,79.4,71.0,0.722,2,6,63.0,7,0
STU-00517,82.8,73.7,0.661,5,3,60.3,9,0
STU-00518,74.2,75.7,0.833,6,2,57.1,8,0
STU-00519,100.0,95.3,0.851,5,0,97.1,10,0
STU-00520,68.1,26.0,0.325,2,2,22.9,2,1
STU-00521,76.2,84.3,0.67,6,4,69.9,5,0
STU-00522,64.3,56.7,0.413,5,2,58.9,7,1
STU-00523,100.0,90.0,0.831,5,2,69.8,5,0
STU-00524,77.2,56.7,0.668,4,1,66.3,5,1
STU-00525,99.1,80.7,0.769,9,8,69.5,8,0
STU-00526,74.9,73.3,0.803,4,2,64.0,8,0
STU-00527,100.0,99.3,0.993,2,3,87.7,16,0
STU-00528,78.7,55.0,0.661,4,4,47.4,3,0
STU-00529,74.1,60.7,0.483,4,0,62.1,5,0
STU-00530,79.1,51.3,0.656,5,1,58.5,4,1
STU-00531,89.2,86.0,0.874,6,4,79.3,5,0
STU-00532,78.2,88.3,0.816,4,2,77.8,6,0
STU-00533,93.8,97.7,0.967,5,4,91.5,7,0
STU-00534,71.7,52.3,0.518,3,2,58.3,2,1
STU-00535,70.8,81.7,0.919,6,3,52.5,5,0
STU-00536,83.5,75.7,0.652,5,6,67.3,4,0
STU-00537,71.9,50.3,0.712,6,4,45.0,7,1
STU-00538,100.0,90.3,0.717,10,2,65.9,7,0
STU-00539,63.2,77.7,0.664,3,5,63.1,3,0
STU-00540,70.8,69.7,0.82,4,3,74.0,6,0
STU-00541,51.0,39.7,0.527,6,0,28.5,3,1
STU-00542,76.9,83.7,0.836,4,4,77.4,5,0
STU-00543,76.2,47.7,0.657,2,6,58.1,2,1
STU-00544,71.3,61.3,0.648,5,4,52.0,5,1
STU-00545,75.8,72.3,0.821,4,3,62.4,9,0
STU-00546,80.3,81.0,0.736,3,4,55.1,6,0
STU-00547,89.5,78.0,0.648,8,4,68.6,4,0
STU-00548,59.2,47.3,0.522,3,5,47.5,2,1
STU-00549,91.4,74.3,0.816,1,3,71.7,7,0
STU-00550,84.6,77.7,0.77,6,3,69.0,5,0
STU-00551,91.2,96.7,0.708,6,7,83.2,4,0
STU-00552,80.7,53.0,0.607,4,4,70.6,1,0
STU-00553,82.9,79.7,0.702,2,4,64.3,2,0
STU-00554,98.7,70.0,0.721,4,4,80.3,6,0
STU-00555,83.4,86.7,0.673,3,1,74.7,11,0
STU-00556,75.9,55.7,0.628,5,1,68.9,3,0
STU-00557,75.3,61.3,0.648,7,2,50.3,4,0
STU-00558,73.5,61.7,0.77,3,2,61.9,6,0
STU-00559,67.0,68.3,0.756,1,4,54.9,9,0
STU-00560,82.5,79.3,0.785,2,4,76.5,8,0
STU-00561,89.1,81.3,0.775,7,0,86.9,7,0
STU-00562,78.7,69.7,0.71,2,3,62.2,5,0
STU-00563,64.7,43.0,0.5,2,1,46.3,5,1
STU-00564,89.8,93.7,0.777,3,2,82.3,5,0
STU-00565,77.7,58.7,0.568,5,2,43.3,4,1
STU-00566,96.6,85.3,0.776,4,3,80.7,7,0
STU-00567,77.8,57.7,0.595,3,3,56.7,6,0
STU-00568,61.4,46.7,0.596,4,3,38.2,9,1
STU-00569,78.1,65.0,0.733,3,6,47.6,5,0
STU-00570,88.9,94.7,0.696,7,4,90.1,11,0
STU-00571,63.4,63.3,0.669,5,5,50.9,3,1
STU-00572,85.7,73.7,0.751,12,1,82.0,7,0
STU-00573,72.5,57.0,0.662,6,1,48.6,4,1
STU-00574,82.8,98.0,0.839,11,4,88.5,3,0
STU-00575,81.8,61.0,0.589,3,2,64.3,3,0
STU-00576,62.0,60.3,0.551,2,3,44.7,7,1
STU-00577,97.3,77.7,0.791,5,7,77.0,6,0
STU-00578,76.4,50.3,0.684,4,1,58.2,4,1
STU-00579,75.5,71.7,0.531,3,1,62.9,12,0
STU-00580,83.8,80.7,0.781,3,1,75.8,4,0
STU-00581,71.5,78.7,0.889,4,4,80.4,4,0
STU-00582,81.8,82.0,0.798,5,4,80.2,7,0
STU-00583,83.5,72.3,0.806,6,4,71.0,6,0
STU-00584,67.7,49.3,0.59,3,0,54.3,2,1
STU-00585,84.7,59.3,0.687,10,3,64.5,4,0
STU-00586,91.3,54.0,0.54,4,2,43.1,4,1
STU-00587,70.7,75.3,0.539,8,3,66.0,6,0
STU-00588,85.1,84.3,0.897,5,1,78.2,8,0
STU-00589,95.0,89.7,0.77,6,4,81.1,3,0
STU-00590,100.0,88.3,0.805,3,1,93.5,4,0
STU-00591,72.3,79.7,0.637,8,8,61.9,6,0
STU-00592,79.6,73.0,0.602,3,4,50.9,3,0
STU-00593,94.2,63.3,0.703,3,2,68.2,6,0
STU-00594,65.2,70.7,0.645,4,3,48.7,7,1
STU-00595,64.1,62.3,0.692,4,4,37.6,6,1
STU-00596,84.7,77.0,0.821,3,3,80.7,1,0
STU-00597,57.1,35.0,0.551,4,5,31.0,1,1
STU-00598,70.8,44.7,0.592,9,3,41.7,7,1
STU-00599,81.3,77.0,0.861,5,3,61.9,4,0
STU-00600,69.9,83.0,0.68,7,1,59.5,8,0
STU-00601,72.9,54.0,0.616,2,5,36.4,8,1
STU-00602,89.3,89.7,0.939,7,6,82.0,7,0
STU-00603,92.5,68.0,0.841,2,2,55.6,8,0
STU-00604,84.3,79.3,0.683,2,8,77.9,7,0
STU-00605,85.7,82.7,0.788,4,4,74.6,6,0
STU-00606,83.3,76.7,0.842,4,0,66.6,6,0
STU-00607,100.0,93.0,0.906,5,3,88.3,4,0
STU-00608,91.8,97.0,0.851,0,3,85.5,8,0
STU-00609,61.0,61.7,0.641,6,4,56.4,5,1
STU-00610,83.2,58.7,0.663,4,3,55.1,4,1
STU-00611,71.4,57.0,0.708,4,5,57.9,5,1
STU-00612,76.9,67.3,0.666,3,5,59.1,2,0
STU-00613,63.0,44.3,0.618,4,6,26.3,0,1
STU-00614,72.9,55.0,0.631,4,2,51.9,5,1
STU-00615,65.5,58.0,0.586,3,3,50.5,6,1
STU-00616,66.8,68.3,0.734,3,2,62.6,4,1
STU-00617,82.1,71.3,0.94,5,1,50.3,5,0
STU-00618,76.8,67.0,0.543,6,5,54.4,5,1
STU-00619,80.8,89.0,0.821,5,2,66.9,10,0
STU-00620,90.4,78.3,0.681,9,5,72.5,2,0
STU-00621,71.0,64.7,0.72,2,4,43.7,2,1
STU-00622,90.3,82.3,0.815,6,2,70.6,6,0
STU-00623,61.7,33.0,0.576,2,4,32.3,6,1
STU-00624,75.4,59.3,0.791,4,3,53.4,5,0
STU-00625,69.3,46.7,0.599,3,4,32.2,4,1
STU-00626,72.8,70.0,0.791,7,0,66.8,8,0
STU-00627,74.3,53.7,0.481,7,2,61.2,0,1
STU-00628,75.2,46.0,0.707,5,2,44.9,4,1
STU-00629,58.3,45.7,0.608,6,0,45.6,4,1
STU-00630,58.4,67.3,0.773,5,2,55.4,8,0
STU-00631,87.5,69.3,0.599,4,3,57.3,4,0
STU-00632,91.5,63.7,0.602,5,2,48.9,5,0
STU-00633,74.4,71.7,0.72,3,1,62.3,4,0
STU-00634,53.9,50.0,0.599,2,3,38.3,5,1
STU-00635,81.4,68.0,0.763,4,5,62.3,4,0
STU-00636,71.8,64.0,0.757,3,4,59.2,9,0
STU-00637,65.0,47.3,0.445,2,1,49.7,4,1
STU-00638,77.9,72.7,0.841,4,1,73.0,5,0
STU-00639,85.2,80.3,0.752,5,4,82.6,6,0
STU-00640,85.0,80.7,0.737,6,4,62.9,6,0
STU-00641,59.4,55.3,0.509,4,2,32.3,4,1
STU-00642,84.8,77.7,0.779,2,4,71.7,7,0
STU-00643,91.0,70.3,0.509,3,2,53.6,5,0
STU-00644,75.8,65.7,0.73,9,4,53.6,9,0
STU-00645,78.9,80.7,0.634,6,5,54.4,4,0
STU-00646,84.4,72.0,0.764,1,4,62.0,7,0
STU-00647,85.8,63.3,0.707,2,2,49.8,7,0
STU-00648,68.7,79.7,0.842,6,6,64.2,1,0
STU-00649,82.2,80.0,0.736,3,4,64.8,5,0
STU-00650,71.2,64.3,0.616,2,4,55.4,6,0
STU-00651,100.0,85.7,0.788,7,1,90.7,8,0
STU-00652,81.6,66.3,0.833,4,4,69.8,3,0
STU-00653,92.5,79.7,0.791,5,2,54.7,3,0
STU-00654,69.4,71.3,0.676,7,5,65.5,6,0
STU-00655,83.9,77.3,0.718,9,5,66.6,2,0
STU-00656,94.4,87.0,0.71,6,3,81.2,4,0
STU-00657,74.8,62.0,0.741,5,2,60.5,7,0
STU-00658,73.5,60.7,0.513,3,6,53.2,2,1
STU-00659,64.0,23.3,0.527,2,2,20.0,2,1
STU-00660,76.9,76.0,0.74,6,5,63.1,11,0
STU-00661,70.4,65.0,0.916,7,1,72.7,6,0
STU-00662,82.9,66.7,0.645,4,3,59.0,4,0
STU-00663,67.8,64.7,0.665,12,5,46.7,4,1
STU-00664,72.8,67.0,0.829,6,3,56.5,3,0
STU-00665,69.0,54.7,0.719,8,4,37.4,5,1
STU-00666,64.4,69.7,0.643,5,5,45.4,5,1
STU-00667,86.7,100.0,0.918,8,4,90.2,4,0
STU-00668,88.6,89.3,0.797,6,5,87.5,8,0
STU-00669,93.1,97.3,0.909,6,3,90.4,4,0
STU-00670,59.3,71.7,0.652,4,4,62.3,3,1
STU-00671,77.3,59.7,0.641,5,6,33.7,6,1
STU-00672,83.1,80.3,0.624,4,5,71.8,10,0
STU-00673,70.0,66.7,0.694,4,3,57.4,7,0
STU-00674,70.3,76.7,0.769,2,7,59.8,2,0
STU-00675,86.0,60.3,0.683,6,3,60.7,6,0
STU-00676,74.6,60.3,0.522,3,3,52.6,8,1
STU-00677,93.3,70.3,0.781,3,3,51.3,5,0
STU-00678,82.0,75.7,0.757,4,9,67.0,4,0
STU-00679,85.1,83.0,0.707,4,4,80.1,5,0
STU-00680,81.5,66.0,0.708,4,3,62.3,3,0
STU-00681,81.2,50.0,0.53,2,3,43.6,4,1
STU-00682,93.8,98.7,0.761,4,5,82.4,7,0
STU-00683,100.0,99.3,0.854,3,2,99.3,4,0
STU-00684,87.0,83.7,0.917,7,1,69.3,7,0
STU-00685,74.6,54.7,0.622,5,2,59.1,6,1
STU-00686,68.6,60.0,0.701,3,5,45.6,6,1
STU-00687,83.4,73.0,0.672,7,9,64.0,7,0
STU-00688,92.4,82.0,0.78,4,4,65.2,4,0
STU-00689,74.8,55.7,0.667,6,2,50.8,6,1
STU-00690,83.9,75.3,0.847,2,5,84.2,5,0
STU-00691,82.6,78.7,0.701,3,5,55.6,7,0
STU-00692,76.9,74.7,0.598,4,4,67.3,5,0
STU-00693,96.7,82.3,0.701,5,4,91.8,3,0
STU-00694,64.7,61.0,0.662,1,2,65.3,8,1
STU-00695,71.0,70.7,0.603,5,0,49.4,6,0
STU-00696,85.8,85.0,0.858,7,8,70.0,7,0
STU-00697,60.3,70.0,0.663,5,4,53.5,4,1
STU-00698,69.0,68.3,0.882,4,5,59.3,4,0
STU-00699,65.4,59.7,0.509,6,6,52.5,3,1
STU-00700,84.4,73.0,0.781,7,3,59.9,2,0
STU-00701,100.0,88.7,0.753,3,6,76.4,7,0
STU-00702,75.5,71.7,0.669,6,4,54.4,4,0
STU-00703,73.2,78.7,0.755,2,4,65.4,5,0
STU-00704,82.1,83.3,0.581,10,3,86.7,6,0
STU-00705,75.9,52.3,0.631,3,4,37.0,4,1
STU-00706,66.4,62.7,0.816,2,3,45.5,6,1
STU-00707,73.4,77.3,0.7,7,4,56.7,5,0
STU-00708,72.5,52.3,0.632,5,5,49.6,1,1
STU-00709,77.0,74.7,0.805,5,3,63.1,5,0
STU-00710,75.3,57.3,0.624,1,2,41.6,6,1
STU-00711,79.9,60.0,0.654,6,1,56.1,3,1
STU-00712,75.1,56.0,0.448,4,3,41.3,11,1
STU-00713,66.3,63.3,0.718,3,4,56.2,8,0
STU-00714,87.9,77.7,0.779,1,2,95.5,5,0
STU-00715,75.3,70.7,0.622,4,5,64.5,3,0
STU-00716,65.1,63.7,0.678,2,2,53.4,6,1
STU-00717,61.4,60.7,0.607,2,5,46.2,4,1
STU-00718,79.1,65.0,0.633,5,0,44.5,6,1
STU-00719,61.6,42.3,0.61,4,2,41.9,5,1
STU-00720,70.1,71.7,0.601,3,1,66.4,8,0
STU-00721,75.1,68.3,0.775,7,4,54.4,3,0
STU-00722,97.6,99.3,0.735,4,5,94.1,8,0
STU-00723,63.5,76.7,0.68,6,7,65.3,3,0
STU-00724,70.5,80.0,0.904,3,6,74.2,11,0
STU-00725,66.0,61.0,0.745,2,2,54.2,5,1
STU-00726,83.7,63.3,0.674,0,0,52.4,7,0
STU-00727,76.9,48.7,0.568,2,0,41.7,3,1
STU-00728,79.5,64.7,0.631,4,4,53.8,6,1
STU-00729,62.8,57.3,0.643,4,3,55.5,8,1
STU-00730,69.6,72.0,0.713,3,3,57.1,8,0
STU-00731,74.8,59.3,0.639,8,7,54.0,4,1
STU-00732,89.0,79.0,0.793,3,1,66.5,5,0
STU-00733,74.3,56.7,0.616,0,5,54.4,6,1
STU-00734,70.2,59.0,0.53,8,1,52.7,2,1
STU-00735,98.3,96.3,0.84,9,2,80.3,7,0
STU-00736,89.7,79.0,0.868,3,3,73.4,4,0
STU-00737,89.8,69.7,0.639,7,1,74.7,5,0
STU-00738,77.9,60.7,0.638,3,9,41.5,7,1
STU-00739,58.9,56.0,0.564,3,1,39.0,9,1
STU-00740,61.7,72.0,0.719,6,4,60.6,5,1
STU-00741,85.2,73.7,0.687,3,4,79.7,8,0
STU-00742,98.3,100.0,0.968,5,5,79.6,4,0
STU-00743,75.1,65.0,0.766,4,7,67.2,4,0
STU-00744,69.8,84.0,0.665,4,8,73.5,6,0
STU-00745,66.2,45.7,0.632,2,7,34.1,4,1
STU-00746,74.3,50.7,0.541,5,3,44.4,4,1
STU-00747,96.9,87.3,0.741,5,4,70.7,6,0
STU-00748,77.7,64.7,0.698,2,5,52.1,7,0
STU-00749,53.4,6.7,0.394,2,1,20.0,1,1
STU-00750,71.4,72.7,0.785,7,3,61.6,4,0
STU-00751,88.1,95.7,0.766,7,2,88.5,2,0
STU-00752,63.2,45.0,0.525,2,1,38.7,6,1
STU-00753,80.3,94.3,0.769,3,6,88.9,8,0
STU-00754,64.4,11.3,0.361,0,2,20.0,3,1
STU-00755,100.0,94.7,0.961,3,4,88.0,6,0
STU-00756,85.7,72.7,0.764,2,6,56.7,8,0
STU-00757,56.6,40.0,0.687,3,4,30.1,6,1
STU-00758,98.9,88.7,1.0,5,4,71.6,7,0
STU-00759,86.2,81.7,0.676,11,7,67.3,6,0
STU-00760,94.2,84.7,0.829,6,6,81.1,2,0
STU-00761,85.4,70.3,0.608,7,7,73.5,7,0
STU-00762,81.4,71.0,0.643,7,6,64.6,11,0
STU-00763,80.4,49.3,0.596,3,1,43.0,4,1
STU-00764,82.9,74.3,0.637,7,5,51.7,11,0
STU-00765,85.3,84.3,0.688,5,2,70.0,5,0
STU-00766,70.9,85.3,0.765,13,3,79.0,2,0
STU-00767,76.2,50.3,0.554,5,3,49.0,3,1
STU-00768,61.2,44.7,0.641,3,3,42.3,4,1
STU-00769,61.2,56.0,0.557,5,4,46.2,8,1
STU-00770,91.3,59.0,0.92,4,4,63.9,4,0
STU-00771,91.1,57.7,0.652,4,2,44.2,5,0
STU-00772,82.9,63.0,0.671,7,6,66.4,8,0
STU-00773,65.7,42.0,0.456,3,2,26.8,5,1
STU-00774,83.4,64.3,0.808,5,1,61.0,0,0
STU-00775,75.2,67.0,0.775,4,3,54.8,7,0
STU-00776,72.8,58.7,0.667,5,2,48.9,3,1
STU-00777,64.5,60.3,0.544,1,4,49.4,5,1
STU-00778,64.4,37.0,0.552,4,2,33.5,2,1
STU-00779,67.3,48.7,0.504,4,1,45.0,4,1
STU-00780,73.3,65.3,0.844,4,3,72.0,7,0
STU-00781,74.3,66.0,0.745,3,5,67.4,8,0
STU-00782,83.5,69.0,0.753,5,3,69.3,10,0
STU-00783,100.0,80.0,0.605,8,2,89.7,6,0
STU-00784,77.4,58.0,0.561,5,1,50.0,5,1
STU-00785,88.5,78.7,0.848,7,7,83.5,4,0
STU-00786,92.5,84.0,0.917,7,2,82.8,7,0
STU-00787,70.8,56.7,0.722,7,2,43.8,4,1
STU-00788,88.2,81.3,0.679,3,1,78.6,6,0
STU-00789,70.0,72.3,0.736,9,2,65.5,3,0
STU-00790,78.2,58.3,0.773,6,2,57.3,4,0
STU-00791,78.2,85.3,0.644,9,3,75.8,8,0
STU-00792,62.3,58.0,0.639,4,1,56.2,6,1
STU-00793,85.0,81.0,0.777,3,5,68.7,11,0
STU-00794,95.6,88.7,0.819,7,7,59.8,9,0
STU-00795,63.5,69.0,0.547,4,5,72.1,1,0
STU-00796,70.5,58.7,0.617,2,0,47.5,8,1
STU-00797,75.1,51.3,0.58,3,2,37.0,5,1
STU-00798,65.3,28.7,0.481,1,3,20.0,2,1
STU-00799,97.4,82.7,0.768,9,2,75.6,2,0
STU-00800,89.6,80.7,0.768,6,4,72.1,5,0
STU-00801,80.3,91.7,0.805,5,2,72.0,4,0
STU-00802,65.6,62.7,0.699,4,3,47.8,1,1
STU-00803,88.7,91.7,0.784,11,2,82.2,7,0
STU-00804,76.2,63.3,0.634,8,3,70.1,7,0
STU-00805,87.2,56.0,0.687,0,2,62.2,1,0
STU-00806,89.2,63.3,0.563,8,1,70.8,6,0
STU-00807,56.1,26.7,0.521,2,3,20.0,3,1
STU-00808,78.9,94.7,0.823,2,3,81.3,4,0
STU-00809,77.3,76.7,0.737,3,1,68.6,7,0
STU-00810,75.9,65.3,0.754,3,4,50.3,5,0
STU-00811,68.2,54.7,0.467,3,1,43.1,8,1
STU-00812,94.0,100.0,0.742,6,6,99.8,5,0
STU-00813,76.2,65.3,0.699,1,2,64.3,4,0
STU-00814,78.3,64.0,0.719,1,4,62.9,4,0
STU-00815,80.2,88.0,0.804,6,4,65.2,6,0
STU-00816,83.5,80.7,0.716,7,2,66.2,8,0
STU-00817,86.4,98.3,0.895,3,3,72.1,7,0
STU-00818,79.7,73.3,0.791,2,4,62.9,5,0
STU-00819,71.2,54.0,0.659,2,2,47.9,2,1
STU-00820,62.5,56.7,0.612,9,0,46.0,2,1
STU-00821,67.3,39.3,0.428,4,1,43.4,6,1
STU-00822,83.1,62.3,0.723,6,3,56.3,3,0
STU-00823,85.7,90.7,0.951,6,2,87.1,9,0
STU-00824,77.8,88.0,0.892,10,2,73.2,7,0
STU-00825,64.2,71.7,0.638,5,2,58.9,6,0
STU-00826,70.0,55.0,0.679,4,5,50.0,1,1
STU-00827,77.3,71.3,0.776,5,3,73.3,4,0
STU-00828,82.4,85.0,0.9,5,12,70.1,5,0
STU-00829,94.8,74.0,0.7,9,1,75.3,5,0
STU-00830,71.3,82.3,0.794,3,4,85.0,6,0
STU-00831,72.7,55.3,0.686,7,1,45.5,6,1
STU-00832,92.2,80.7,0.758,4,1,77.8,5,0
STU-00833,59.4,31.7,0.469,2,2,44.5,6,1
STU-00834,91.9,92.3,0.895,1,4,97.5,2,0
STU-00835,84.7,100.0,0.896,5,6,88.7,8,0
STU-00836,70.4,52.7,0.67,4,1,71.6,1,1
STU-00837,67.8,55.7,0.646,4,0,42.4,5,1
STU-00838,85.3,67.3,0.666,9,3,74.2,7,0
STU-00839,83.1,56.0,0.748,6,2,53.7,8,1
STU-00840,78.3,79.3,0.675,5,4,78.2,4,0
STU-00841,99.9,74.7,0.726,8,2,68.9,3,0
STU-00842,76.3,69.0,0.696,6,1,65.4,9,0
STU-00843,91.9,77.0,0.805,9,2,76.9,7,0
STU-00844,75.4,69.0,0.575,3,3,50.0,4,1
STU-00845,89.6,97.0,0.73,4,6,81.1,10,0
STU-00846,80.6,73.3,0.554,5,4,45.2,7,0
STU-00847,94.7,61.0,0.658,1,2,50.4,2,0
STU-00848,77.1,40.3,0.512,7,0,35.8,4,1
STU-00849,69.3,65.0,0.644,1,4,53.5,8,0
STU-00850,100.0,97.3,0.94,9,4,100.0,12,0
STU-00851,62.3,44.0,0.519,5,2,51.1,3,1
STU-00852,71.3,48.3,0.66,2,2,37.6,3,1
STU-00853,94.9,79.0,0.771,3,6,79.6,4,0
STU-00854,83.8,85.7,0.832,4,4,79.2,6,0
STU-00855,77.7,68.3,0.73,2,4,55.4,8,0
STU-00856,89.5,81.0,0.75,6,2,78.3,8,0
STU-00857,61.6,31.7,0.495,1,5,29.1,4,1
STU-00858,84.7,81.7,0.842,3,5,58.6,3,0
STU-00859,65.3,75.3,0.758,9,3,55.8,9,0
STU-00860,68.6,42.0,0.448,1,0,37.1,3,1
STU-00861,76.8,86.0,0.832,2,2,73.9,5,0
STU-00862,81.6,86.0,0.743,4,5,75.4,2,0
STU-00863,79.5,77.7,0.851,10,4,59.7,4,0
STU-00864,86.7,73.7,0.85,10,1,69.9,3,0
STU-00865,83.7,79.0,0.818,5,0,82.2,6,0
STU-00866,81.1,67.3,0.699,9,6,56.6,10,0
STU-00867,71.0,78.7,0.727,8,2,79.8,5,0
STU-00868,62.6,45.3,0.631,6,1,33.0,4,1
STU-00869,66.0,55.7,0.599,5,1,48.9,5,1
STU-00870,67.9,51.7,0.627,3,3,41.1,7,1
STU-00871,75.5,63.3,0.736,6,6,58.5,6,0
STU-00872,70.8,73.0,0.67,3,1,55.8,8,0
STU-00873,92.7,77.0,0.736,8,1,88.9,6,0
STU-00874,82.9,83.3,0.671,3,1,57.3,10,0
STU-00875,63.7,71.0,0.62,1,5,74.1,6,0
STU-00876,56.5,56.0,0.484,9,5,48.3,4,1
STU-00877,77.2,71.7,0.767,6,2,65.3,3,0
STU-00878,76.7,56.0,0.825,0,0,66.3,7,0
STU-00879,74.4,67.0,0.799,3,3,63.8,5,0
STU-00880,76.5,70.3,0.572,4,5,53.9,6,1
STU-00881,48.1,3.3,0.425,0,2,20.0,4,1
STU-00882,93.9,94.0,0.934,7,1,94.8,7,0
STU-00883,66.6,65.3,0.64,3,4,48.4,5,1
STU-00884,63.6,59.7,0.656,2,1,67.7,3,0
STU-00885,89.6,98.3,0.731,7,5,94.7,5,0
STU-00886,88.9,75.3,0.798,5,2,68.6,6,0
STU-00887,79.1,56.3,0.547,4,2,40.7,4,1
STU-00888,83.1,73.7,0.784,4,4,68.8,4,0
STU-00889,62.3,77.3,0.612,3,2,50.1,2,0
STU-00890,73.9,73.0,0.808,2,2,66.7,8,0
STU-00891,68.4,65.0,0.757,7,3,53.1,5,0
STU-00892,80.2,87.0,0.722,7,5,65.4,2,0
STU-00893,80.4,85.0,0.684,7,3,78.2,4,0
STU-00894,77.2,71.0,0.533,7,3,58.6,2,1
STU-00895,91.6,90.7,0.832,2,6,80.0,11,0
STU-00896,95.8,96.7,0.787,4,2,79.6,3,0
STU-00897,76.4,80.3,0.628,4,6,71.1,4,0
STU-00898,72.1,73.7,0.755,9,3,63.2,8,0
STU-00899,91.9,79.0,0.759,1,5,69.5,8,0
STU-00900,85.0,95.0,0.789,9,5,89.8,9,0
STU-00901,76.8,64.7,0.629,4,2,54.6,4,0
STU-00902,74.2,63.3,0.752,4,4,44.7,5,1
STU-00903,58.7,32.7,0.562,4,2,25.5,3,1
STU-00904,94.1,66.7,0.723,11,2,69.3,9,0
STU-00905,78.8,67.0,0.785,6,2,69.5,6,0
STU-00906,85.2,57.3,0.544,3,2,46.9,2,0
STU-00907,95.5,98.0,0.893,5,0,96.7,4,0
STU-00908,64.3,62.7,0.675,4,1,45.4,3,1
STU-00909,86.0,72.3,0.724,3,3,61.9,6,0
STU-00910,57.3,44.0,0.605,3,1,35.4,5,1
STU-00911,79.9,89.3,0.734,7,3,87.9,12,0
STU-00912,83.3,79.0,0.786,5,4,68.5,3,0
STU-00913,75.4,59.0,0.689,4,5,47.9,6,1
STU-00914,82.2,74.7,0.54,7,3,83.8,3,0
STU-00915,90.0,84.7,0.869,5,5,69.7,7,0
STU-00916,88.0,59.7,0.455,3,3,76.6,8,0
STU-00917,100.0,85.3,0.777,2,5,76.4,7,0
STU-00918,100.0,100.0,0.982,6,5,84.9,7,0
STU-00919,92.8,67.3,0.711,7,4,63.9,2,0
STU-00920,58.8,60.0,0.533,7,6,49.0,3,1
STU-00921,80.9,84.7,0.686,6,3,65.5,8,0
STU-00922,60.7,48.3,0.674,4,1,61.9,2,1
STU-00923,67.6,48.3,0.438,2,3,43.6,4,1
STU-00924,84.4,78.7,0.884,5,6,78.6,4,0
STU-00925,79.8,80.0,0.746,8,4,64.3,5,0
STU-00926,88.0,66.3,0.586,5,4,51.8,9,0
STU-00927,75.3,70.0,0.653,5,5,67.7,3,0
STU-00928,67.4,43.3,0.485,5,1,23.4,4,1
STU-00929,83.6,71.7,0.828,6,2,59.8,5,0
STU-00930,70.3,55.0,0.684,4,2,44.8,4,1
STU-00931,81.8,64.0,0.582,6,1,73.2,6,0
STU-00932,91.6,96.7,0.801,2,6,79.2,5,0
STU-00933,99.9,86.0,0.761,8,3,84.4,8,0
STU-00934,93.3,81.7,0.862,7,1,69.6,8,0
STU-00935,85.1,84.3,0.664,5,6,82.1,3,0
STU-00936,86.9,84.0,0.898,4,9,58.7,7,0
STU-00937,62.1,56.0,0.627,1,3,53.5,11,1
STU-00938,82.7,67.3,0.644,6,3,63.6,0,0
STU-00939,78.1,59.0,0.591,6,6,57.5,4,0
STU-00940,83.6,72.3,0.648,8,3,54.9,6,0
STU-00941,95.0,90.0,0.748,4,2,84.7,6,0
STU-00942,79.3,62.3,0.669,3,2,52.2,3,0
STU-00943,72.4,53.3,0.518,3,2,37.3,2,1
STU-00944,96.8,78.7,0.619,2,3,64.6,4,0
STU-00945,78.2,69.3,0.666,1,0,54.3,4,0
STU-00946,68.7,40.3,0.457,8,3,43.3,3,1
STU-00947,81.0,74.7,0.663,3,4,57.4,5,0
STU-00948,73.7,91.7,0.786,7,5,83.3,4,0
STU-00949,100.0,100.0,0.83,6,5,77.9,11,0
STU-00950,61.7,76.0,0.94,4,3,69.6,10,0
STU-00951,57.5,54.7,0.628,7,6,54.7,8,1
STU-00952,80.5,54.0,0.69,0,8,59.5,4,0
STU-00953,76.2,62.0,0.518,3,1,52.0,9,1
STU-00954,79.2,76.3,0.729,5,5,74.8,6,0
STU-00955,66.3,58.3,0.659,5,2,43.0,10,1
STU-00956,84.0,65.3,0.595,7,1,68.5,7,0
STU-00957,62.4,28.3,0.614,3,1,48.6,4,1
STU-00958,91.0,67.3,0.59,2,5,58.6,1,0
STU-00959,70.8,57.3,0.614,4,0,69.5,10,1
STU-00960,92.6,81.7,0.761,6,7,72.0,3,0
STU-00961,79.1,50.7,0.616,7,1,33.1,4,1
STU-00962,77.1,69.3,0.645,1,1,53.3,8,0
STU-00963,57.8,44.0,0.548,1,2,35.6,7,1
STU-00964,75.6,69.7,0.679,8,3,77.7,2,0
STU-00965,78.2,74.3,0.663,3,7,60.9,5,0
STU-00966,78.0,94.7,0.862,9,3,73.6,2,0
STU-00967,80.4,82.7,0.782,6,2,63.1,8,0
STU-00968,76.9,82.3,0.755,3,3,79.1,5,0
STU-00969,88.7,82.7,0.729,5,2,78.2,4,0
STU-00970,76.6,69.7,0.762,2,6,55.3,3,0
STU-00971,72.3,65.0,0.656,3,1,40.2,7,0
STU-00972,85.8,92.3,0.787,8,4,69.5,3,0
STU-00973,85.7,87.0,0.793,2,2,87.7,3,0
STU-00974,98.9,92.3,0.997,3,3,92.0,11,0
STU-00975,57.2,42.7,0.456,4,2,36.8,5,1
STU-00976,65.0,60.7,0.715,5,8,66.5,3,1
STU-00977,81.7,64.3,0.52,2,10,70.3,5,0
STU-00978,78.3,80.3,0.769,7,7,68.0,3,0
STU-00979,80.4,83.0,0.941,3,8,78.4,11,0
STU-00980,97.8,92.7,0.902,6,2,82.1,8,0
STU-00981,100.0,97.3,0.9,10,4,88.5,4,0
STU-00982,72.7,85.3,0.732,10,5,60.6,3,0
STU-00983,82.2,79.0,0.747,8,3,55.2,8,0
STU-00984,75.8,57.0,0.615,5,3,34.7,11,1
STU-00985,79.1,70.0,0.637,2,1,68.2,5,0
STU-00986,76.1,59.3,0.623,5,3,37.9,6,1
STU-00987,53.8,41.3,0.573,3,3,50.7,5,1
STU-00988,77.5,67.0,0.624,4,1,51.1,10,0
STU-00989,88.4,83.3,0.752,5,2,92.7,7,0
STU-00990,71.5,66.3,0.573,5,4,53.5,8,1
STU-00991,92.3,91.7,0.84,5,2,65.4,7,0
STU-00992,100.0,85.7,0.872,8,6,91.1,6,0
STU-00993,100.0,100.0,0.919,8,2,100.0,5,0
STU-00994,85.4,69.3,0.774,7,5,51.7,6,0
STU-00995,75.4,69.3,0.704,5,3,56.3,6,0
STU-00996,69.5,49.0,0.626,3,4,34.4,3,1
STU-00997,90.1,88.3,0.816,5,3,74.1,8,0
STU-00998,72.4,59.0,0.638,5,4,51.0,6,1
STU-00999,75.3,65.3,0.634,6,2,52.7,7,0
STU-01000,87.7,82.0,0.937,4,6,55.1,7,0
STU-01001,47.0,55.1,0.512,3,3,62.7,4,0
STU-01002,37.8,25.7,0.05,0,4,28.6,10,1
STU-01003,71.3,78.5,0.7,12,8,91.0,7,0
STU-01004,79.4,75.3,0.655,0,1,38.3,5,0
STU-01005,20.0,25.0,0.092,3,2,20.0,0,1
STU-01006,45.2,30.8,0.217,8,1,36.3,4,1
STU-01007,44.9,34.0,0.073,0,1,22.6,4,1
STU-01008,42.9,32.1,0.324,3,6,63.8,7,0
STU-01009,65.2,58.1,0.627,6,1,60.9,2,0
STU-01010,44.3,36.9,0.25,2,4,41.0,4,1
STU-01011,69.8,54.8,0.694,10,7,77.8,14,0
STU-01012,72.4,73.9,0.559,2,3,39.4,5,0
STU-01013,71.0,61.9,0.593,5,2,35.5,6,0
STU-01014,54.8,62.9,0.426,0,2,45.4,8,0
STU-01015,50.5,44.0,0.409,0,4,47.3,7,0
STU-01016,46.9,26.0,0.31,2,2,42.2,2,1
STU-01017,60.8,62.0,0.494,0,0,51.7,4,0
STU-01018,47.3,25.3,0.421,10,5,44.8,5,0
STU-01019,66.6,74.5,0.605,1,2,67.6,7,0
STU-01020,28.2,38.0,0.089,0,4,20.0,1,1
STU-01021,35.2,39.2,0.054,0,1,26.7,4,1
STU-01022,22.7,25.0,0.05,0,3,35.9,8,1
STU-01023,74.3,72.1,0.676,6,2,77.9,3,0
STU-01024,51.2,50.9,0.438,1,3,28.6,3,0
STU-01025,50.1,28.6,0.28,2,3,43.6,3,1
STU-01026,50.2,52.3,0.635,5,0,29.8,7,0
STU-01027,72.8,67.4,0.653,10,6,82.9,5,0
STU-01028,61.3,51.3,0.529,0,2,35.3,6,0
STU-01029,41.1,54.4,0.316,0,2,25.7,0,1
STU-01030,76.3,44.1,0.739,7,2,38.8,9,0
STU-01031,100.0,98.4,0.877,5,2,76.7,1,0
STU-01032,51.9,56.4,0.362,8,1,60.7,7,0
STU-01033,64.4,56.2,0.356,6,2,28.6,5,0
STU-01034,22.0,31.0,0.288,0,4,34.2,3,1
STU-01035,82.1,69.9,0.836,14,3,81.6,3,0
STU-01036,69.8,62.7,0.574,2,7,69.8,3,0
STU-01037,53.5,49.0,0.769,4,0,52.6,0,0
STU-01038,28.2,29.1,0.122,0,1,20.0,3,1
STU-01039,26.1,25.0,0.086,0,4,20.0,0,1
STU-01040,83.0,76.7,0.733,8,1,82.2,3,0
STU-01041,72.6,80.6,0.474,5,2,71.6,8,0
STU-01042,73.1,64.6,0.617,7,2,57.5,3,0
STU-01043,33.8,27.1,0.326,0,0,50.6,1,1
STU-01044,52.5,43.4,0.432,0,1,54.3,2,0
STU-01045,71.4,65.4,0.523,9,8,67.8,7,0
STU-01046,57.2,52.7,0.588,1,2,45.8,1,0
STU-01047,40.3,65.5,0.417,0,4,56.0,6,0
STU-01048,60.1,46.2,0.376,5,4,54.8,3,0
STU-01049,72.4,73.0,0.699,7,5,46.7,8,0
STU-01050,54.5,52.1,0.547,6,12,67.4,8,0
STU-01051,53.6,42.1,0.336,0,7,45.2,5,0
STU-01052,56.5,55.8,0.532,0,3,34.3,2,0
STU-01053,20.0,25.0,0.129,0,2,20.0,1,1
STU-01054,48.5,57.7,0.402,2,1,21.0,5,1
STU-01055,46.2,32.9,0.26,0,3,20.0,0,1
STU-01056,48.2,39.2,0.273,0,4,31.5,4,1
STU-01057,46.4,36.6,0.295,2,1,35.2,5,1
STU-01058,90.9,75.3,0.934,4,1,44.7,2,0
STU-01059,50.6,34.9,0.353,4,2,26.0,5,0
STU-01060,63.7,77.4,0.638,2,1,64.0,2,0
STU-01061,25.4,25.0,0.133,5,4,25.6,4,1
STU-01062,45.7,37.0,0.358,5,4,55.5,2,0
STU-01063,53.3,50.4,0.317,5,11,76.1,15,0
STU-01064,55.0,60.0,0.39,0,4,32.8,5,0
STU-01065,63.3,72.7,0.426,0,4,43.8,2,0
STU-01066,64.9,65.5,0.4,1,2,47.4,4,0
STU-01067,21.0,42.4,0.195,0,5,20.0,5,1
STU-01068,49.0,47.3,0.408,6,1,29.2,5,0
STU-01069,80.1,61.6,0.793,7,11,76.4,7,0
STU-01070,41.5,30.5,0.269,0,4,20.0,0,1
STU-01071,31.6,25.0,0.05,6,5,37.5,2,1
STU-01072,42.7,25.0,0.271,0,1,38.8,2,1
STU-01073,43.1,39.7,0.281,1,2,23.4,2,1
STU-01074,66.5,62.2,0.574,6,4,67.6,4,0
STU-01075,52.2,46.2,0.3,0,4,45.5,4,0
STU-01076,59.5,36.8,0.407,0,2,42.7,4,0
STU-01077,42.2,58.0,0.368,1,3,37.3,1,0
STU-01078,51.5,51.2,0.6,2,3,33.9,7,0
STU-01079,45.7,67.9,0.404,0,0,43.1,2,0
STU-01080,56.8,33.9,0.434,5,5,30.3,8,0
STU-01081,70.6,58.6,0.762,5,4,38.0,1,0
STU-01082,46.7,25.0,0.388,0,3,26.6,3,1
STU-01083,53.8,48.4,0.504,5,2,43.6,4,0
STU-01084,50.2,30.0,0.154,1,1,20.0,0,1
STU-01085,30.7,25.0,0.31,0,1,20.0,4,1
STU-01086,53.6,40.7,0.307,0,3,37.5,4,1
STU-01087,30.8,35.1,0.141,0,2,20.0,3,1
STU-01088,71.8,60.7,0.488,4,3,55.8,7,0
STU-01089,45.5,69.2,0.324,0,2,62.3,4,0
STU-01090,56.6,51.2,0.634,0,4,41.9,4,0
STU-01091,61.0,58.1,0.327,0,5,42.6,5,0
STU-01092,51.2,30.7,0.355,0,2,20.0,7,1
STU-01093,47.4,38.0,0.362,5,1,59.5,6,0
STU-01094,46.0,40.6,0.314,0,2,34.3,6,1
STU-01095,32.2,25.0,0.188,7,8,41.8,12,1
STU-01096,37.8,31.5,0.14,0,2,20.0,2,1
STU-01097,31.6,33.1,0.249,6,3,40.4,5,1
STU-01098,40.9,25.0,0.213,4,0,20.0,6,1
STU-01099,81.9,73.9,0.68,12,5,88.9,12,0
STU-01100,41.5,26.2,0.233,0,0,26.9,7,1
STU-01101,52.2,39.6,0.396,2,3,20.0,5,0
STU-01102,87.7,76.0,0.701,7,2,74.1,3,0
STU-01103,58.4,44.7,0.606,8,3,53.3,5,0
STU-01104,60.2,71.6,0.412,0,7,57.5,5,0
STU-01105,35.0,32.2,0.201,0,4,26.5,3,1
STU-01106,63.3,54.1,0.636,9,1,62.1,7,0
STU-01107,35.6,31.4,0.327,7,3,44.6,8,1
STU-01108,58.2,63.8,0.319,1,3,34.0,3,0
STU-01109,61.5,76.2,0.723,0,1,46.1,2,0
STU-01110,20.0,25.0,0.092,0,4,20.0,4,1
STU-01111,65.7,57.9,0.556,5,1,61.3,7,0
STU-01112,69.2,51.8,0.43,5,2,69.1,5,0
STU-01113,41.4,39.1,0.432,6,3,45.7,4,0
STU-01114,25.6,25.0,0.157,4,4,38.4,1,1
STU-01115,47.6,51.6,0.258,2,2,26.3,3,1
STU-01116,59.7,53.7,0.364,5,1,47.6,2,0
STU-01117,65.6,58.7,0.948,11,3,62.4,5,0
STU-01118,35.2,32.5,0.307,0,2,44.1,2,1
STU-01119,100.0,79.8,0.757,2,1,61.8,9,0
STU-01120,48.2,37.9,0.426,0,1,28.9,0,1
STU-01121,34.6,48.4,0.395,6,3,20.0,5,1
STU-01122,58.3,61.8,0.467,0,1,46.4,4,0
STU-01123,65.5,65.8,0.568,6,6,52.8,5,0
STU-01124,93.9,80.9,0.862,9,2,100.0,8,0
STU-01125,82.6,65.4,0.557,2,3,54.8,5,0
STU-01126,72.8,51.2,0.65,9,3,65.7,8,0
STU-01127,59.3,73.8,0.457,0,2,49.0,3,0
STU-01128,51.0,38.1,0.292,10,1,28.1,10,0
STU-01129,42.3,49.4,0.365,3,1,25.9,2,1
STU-01130,40.7,35.2,0.388,9,4,47.5,6,0
STU-01131,27.7,35.0,0.316,0,1,36.9,4,1
STU-01132,20.0,25.0,0.05,0,1,20.0,1,1
STU-01133,62.2,70.6,0.551,3,1,50.5,3,0
STU-01134,43.8,33.7,0.369,2,1,45.5,4,0
STU-01135,32.7,27.9,0.296,1,2,25.8,5,1
STU-01136,38.2,34.9,0.394,4,0,39.4,6,1
STU-01137,27.7,39.0,0.438,0,2,38.4,5,1
STU-01138,71.6,55.0,0.771,8,2,88.8,8,0
STU-01139,88.2,88.9,0.778,2,2,79.9,4,0
STU-01140,100.0,100.0,0.969,3,8,100.0,7,0
STU-01141,59.8,64.3,0.32,0,5,37.6,1,0
STU-01142,37.5,35.6,0.401,12,9,44.0,12,0
STU-01143,20.0,25.0,0.05,0,1,20.0,2,1
STU-01144,64.9,58.3,0.51,6,2,52.3,4,0
STU-01145,28.2,33.9,0.161,0,0,20.0,2,1
STU-01146,42.9,38.4,0.48,4,2,28.4,3,0
STU-01147,42.7,33.0,0.149,3,3,59.4,2,1
STU-01148,57.2,47.6,0.675,6,2,45.9,6,0
STU-01149,73.8,53.9,0.609,5,7,93.1,7,0
STU-01150,50.9,60.0,0.244,1,1,39.9,4,0
STU-01151,42.4,39.2,0.121,1,0,32.0,3,1
STU-01152,52.5,29.2,0.294,6,1,43.8,8,1
STU-01153,31.7,25.0,0.211,4,3,27.6,4,1
STU-01154,40.5,36.7,0.311,1,1,32.6,2,1
STU-01155,53.0,61.9,0.463,1,3,23.4,2,0
STU-01156,73.8,94.3,0.536,0,2,46.6,5,0
STU-01157,55.2,41.3,0.431,10,4,81.1,14,0
STU-01158,59.0,58.0,0.383,0,2,30.0,5,0
STU-01159,48.3,35.5,0.453,2,0,23.6,4,0
STU-01160,29.0,34.9,0.271,4,3,20.0,5,1
STU-01161,47.0,44.9,0.5,11,2,49.8,3,0
STU-01162,31.0,25.0,0.26,1,4,45.6,4,1
STU-01163,95.9,92.6,0.771,5,2,78.7,6,0
STU-01164,50.4,38.7,0.448,11,2,46.9,10,0
STU-01165,94.7,85.6,0.701,8,2,88.1,4,0
STU-01166,38.5,32.8,0.29,1,2,25.0,2,1
STU-01167,81.4,75.1,0.634,0,1,50.1,1,0
STU-01168,66.7,36.4,0.464,1,1,41.0,2,0
STU-01169,65.6,47.7,0.53,3,1,33.0,1,0
STU-01170,44.0,62.4,0.53,0,2,27.7,1,0
STU-01171,27.1,47.1,0.338,3,8,54.3,8,0
STU-01172,47.6,36.2,0.437,0,1,49.8,5,0
STU-01173,51.2,39.1,0.467,5,5,59.8,11,0
STU-01174,37.4,25.0,0.235,4,1,41.0,1,1
STU-01175,31.8,37.0,0.195,7,9,33.9,3,1
STU-01176,53.1,47.3,0.185,0,1,20.8,4,1
STU-01177,93.6,80.4,0.836,8,3,96.3,4,0
STU-01178,65.6,55.3,0.472,6,0,41.0,3,0
STU-01179,41.4,25.0,0.309,0,2,68.7,10,0
STU-01180,51.3,45.6,0.408,4,4,45.7,4,0
STU-01181,76.2,68.9,0.482,0,3,39.2,4,0
STU-01182,51.4,56.0,0.409,0,1,20.0,4,0
STU-01183,39.6,25.0,0.302,0,0,20.0,1,1
STU-01184,81.0,75.2,0.647,11,1,86.8,3,0
STU-01185,53.7,63.5,0.391,0,6,75.9,3,0
STU-01186,83.5,72.3,0.682,1,0,53.8,6,0
STU-01187,46.3,52.8,0.438,0,1,37.1,2,0
STU-01188,25.9,27.3,0.3,1,1,23.6,1,1
STU-01189,28.1,35.6,0.207,1,1,29.8,2,1
STU-01190,88.1,85.5,0.789,5,3,85.3,4,0
STU-01191,88.4,80.4,0.716,0,3,67.6,0,0
STU-01192,40.9,45.4,0.191,0,3,20.0,0,1
STU-01193,38.6,25.0,0.124,0,0,34.3,2,1
STU-01194,72.6,74.8,0.709,0,0,57.1,2,0
STU-01195,24.4,25.0,0.166,0,0,20.0,6,1
STU-01196,44.3,33.0,0.414,6,1,34.5,6,0
STU-01197,67.2,67.3,0.461,0,5,29.9,4,0
STU-01198,66.3,58.4,0.758,14,2,67.5,5,0
STU-01199,47.5,35.2,0.201,1,4,53.8,6,1
STU-01200,53.7,48.8,0.497,1,0,37.9,4,0
STU-01201,56.8,63.0,0.335,0,0,37.9,1,0
STU-01202,73.4,69.0,0.626,1,3,85.8,11,0
STU-01203,46.9,53.7,0.29,2,3,27.4,3,0
STU-01204,49.6,49.7,0.263,0,6,42.6,6,0
STU-01205,24.3,25.0,0.117,4,4,40.6,2,1
STU-01206,72.8,45.5,0.637,9,0,59.1,5,0
STU-01207,38.7,42.2,0.384,0,3,22.2,9,1
STU-01208,33.0,25.0,0.169,6,2,33.2,4,1
STU-01209,42.6,45.8,0.37,4,2,60.5,6,0
STU-01210,51.0,37.5,0.298,0,2,20.0,3,1
STU-01211,69.4,60.4,0.5,0,4,56.3,4,0
STU-01212,20.0,25.0,0.05,0,0,20.0,1,1
STU-01213,67.3,61.8,0.651,8,2,41.2,4,0
STU-01214,40.1,41.4,0.293,2,1,27.4,1,1
STU-01215,37.5,44.5,0.212,0,4,40.8,4,1
STU-01216,83.9,68.4,0.553,7,4,65.5,4,0
STU-01217,65.2,57.8,0.581,0,2,31.8,3,0
STU-01218,72.7,68.8,0.717,5,5,62.7,5,0
STU-01219,58.8,57.2,0.486,10,8,55.3,14,0
STU-01220,32.7,25.0,0.052,0,8,27.0,7,1
STU-01221,42.9,62.6,0.431,9,2,72.9,14,0
STU-01222,42.7,45.3,0.34,0,4,40.6,3,0
STU-01223,52.6,50.4,0.446,0,4,25.0,5,0
STU-01224,48.7,44.0,0.32,5,0,20.0,5,0
STU-01225,67.1,57.6,0.576,7,2,54.2,8,0
STU-01226,66.7,52.7,0.632,1,3,50.7,2,0
STU-01227,90.9,95.4,0.773,0,2,71.1,4,0
STU-01228,78.2,92.0,0.843,0,0,63.5,8,0
STU-01229,42.2,28.0,0.357,2,2,20.0,7,1
STU-01230,48.2,43.4,0.316,0,2,20.0,4,1
STU-01231,27.0,25.0,0.152,2,2,20.0,1,1
STU-01232,42.4,44.9,0.33,6,0,41.9,13,0
STU-01233,72.4,54.4,0.405,2,0,33.1,0,0
STU-01234,51.7,81.4,0.416,0,4,68.4,4,0
STU-01235,35.4,31.6,0.377,0,1,24.7,2,1
STU-01236,50.5,39.6,0.364,7,3,57.9,7,0
STU-01237,20.0,25.0,0.05,0,6,20.0,8,1
STU-01238,56.0,35.3,0.363,4,4,45.4,4,0
STU-01239,34.2,25.0,0.158,1,7,20.0,3,1
STU-01240,46.1,35.7,0.413,1,3,22.2,3,1
STU-01241,34.5,39.6,0.198,2,5,29.4,8,1
STU-01242,64.5,55.2,0.656,8,2,59.7,1,0
STU-01243,26.8,25.0,0.05,2,3,29.4,2,1
STU-01244,20.0,25.0,0.064,0,4,25.2,1,1
STU-01245,97.6,100.0,0.716,6,6,82.9,2,0
STU-01246,27.1,30.4,0.107,0,3,20.0,5,1
STU-01247,35.2,25.0,0.252,0,1,20.0,4,1
STU-01248,83.2,84.3,0.868,1,3,64.2,1,0
STU-01249,97.1,100.0,0.81,4,6,100.0,3,0
STU-01250,30.6,33.0,0.253,11,2,40.6,9,1
STU-01251,47.4,36.6,0.236,4,3,41.0,4,0
STU-01252,57.7,59.5,0.452,0,5,42.8,4,0
STU-01253,83.9,89.4,0.52,0,2,51.3,2,0
STU-01254,24.1,25.0,0.203,3,3,55.6,6,1
STU-01255,70.1,52.3,0.563,5,3,58.7,1,0
STU-01256,70.4,76.1,0.643,4,1,67.7,7,0
STU-01257,77.5,58.0,0.775,8,4,59.8,11,0
STU-01258,71.5,53.9,0.672,16,5,76.9,7,0
STU-01259,38.4,33.3,0.259,0,0,30.9,3,1
STU-01260,27.5,25.0,0.056,1,3,20.0,1,1
STU-01261,42.4,34.9,0.277,0,3,24.7,6,1
STU-01262,61.1,44.6,0.232,0,5,34.2,7,0
STU-01263,55.9,48.9,0.37,3,4,47.0,7,0
STU-01264,46.2,28.4,0.262,0,6,53.8,8,0
STU-01265,62.3,54.6,0.522,1,5,55.2,1,0
STU-01266,74.3,60.4,0.612,0,3,68.2,5,0
STU-01267,42.1,50.5,0.376,0,0,20.0,6,1
STU-01268,74.4,70.3,0.499,6,2,88.6,6,0
STU-01269,39.6,45.8,0.369,0,2,37.4,3,1
STU-01270,87.1,62.4,0.782,12,1,48.4,9,0
STU-01271,39.6,36.3,0.364,3,4,38.6,7,1
STU-01272,45.4,40.5,0.472,2,0,62.6,5,0
STU-01273,40.8,45.9,0.258,0,1,20.0,0,1
STU-01274,100.0,100.0,1.0,9,1,78.7,3,0
STU-01275,90.9,86.1,0.86,3,4,69.5,6,0
STU-01276,68.6,58.2,0.466,3,3,39.1,4,0
STU-01277,25.4,34.0,0.355,0,6,31.3,6,1
STU-01278,28.8,42.0,0.189,0,1,20.0,2,1
STU-01279,67.0,76.0,0.525,0,2,39.1,5,0
STU-01280,71.6,45.3,0.701,7,5,42.0,3,0
STU-01281,68.0,68.2,0.655,7,9,62.2,11,0
STU-01282,31.7,36.2,0.132,2,1,33.1,7,1
STU-01283,47.1,61.3,0.31,0,3,36.4,4,0
STU-01284,57.2,44.9,0.395,0,4,50.1,10,0
STU-01285,40.9,33.5,0.243,6,0,20.0,3,1
STU-01286,46.9,36.4,0.683,10,2,55.0,5,0
STU-01287,60.7,70.7,0.613,4,1,55.4,7,0
STU-01288,43.3,35.4,0.316,0,4,35.4,8,1
STU-01289,64.0,46.3,0.407,4,4,32.3,0,0
STU-01290,64.7,46.1,0.525,5,3,29.4,6,0
STU-01291,26.8,32.3,0.169,0,0,22.1,1,1
STU-01292,39.0,64.9,0.353,3,1,53.4,3,0
STU-01293,88.1,81.6,0.735,0,2,85.5,2,0
STU-01294,20.0,25.0,0.05,0,2,20.0,3,1
STU-01295,42.8,26.8,0.279,0,6,20.3,1,1
STU-01296,50.3,36.9,0.347,3,3,59.9,4,0
STU-01297,59.8,44.3,0.418,2,1,58.2,10,0
STU-01298,52.2,42.7,0.293,3,2,31.9,2,1
STU-01299,20.0,25.0,0.182,0,3,32.7,2,1
STU-01300,54.8,49.9,0.386,2,0,47.6,2,0
STU-01301,85.9,96.9,0.801,3,6,78.5,2,0
STU-01302,34.2,25.0,0.305,7,3,51.7,13,0
STU-01303,68.0,63.9,0.557,4,4,68.4,6,0
STU-01304,51.7,32.7,0.232,3,2,61.8,6,0
STU-01305,51.9,57.2,0.341,8,8,69.8,15,0
STU-01306,20.0,36.1,0.099,0,6,26.8,3,1
STU-01307,64.7,31.6,0.346,5,10,50.3,5,0
STU-01308,74.8,73.2,0.715,4,6,81.4,9,0
STU-01309,62.4,72.0,0.569,0,1,41.8,2,0
STU-01310,93.5,77.9,0.907,3,5,70.7,3,0
STU-01311,61.0,68.3,0.465,0,2,49.3,1,0
STU-01312,44.8,58.7,0.217,0,2,45.9,7,0
STU-01313,88.5,86.9,0.719,2,1,63.4,2,0
STU-01314,62.6,63.1,0.585,2,3,66.4,4,0
STU-01315,72.3,81.5,0.569,6,5,77.0,4,0
STU-01316,31.8,57.3,0.121,3,3,44.7,6,0
STU-01317,72.8,54.2,0.594,4,2,45.0,3,0
STU-01318,49.0,36.5,0.353,4,0,38.9,3,0
STU-01319,80.2,64.9,0.724,8,5,81.7,9,0
STU-01320,23.4,32.9,0.318,0,3,20.0,1,1
STU-01321,49.4,44.1,0.339,0,0,27.6,1,1
STU-01322,53.7,48.0,0.588,2,1,51.7,3,0
STU-01323,94.7,80.4,0.82,6,3,50.5,7,0
STU-01324,70.2,64.2,0.789,6,2,71.2,7,0
STU-01325,85.3,84.3,0.587,4,1,81.3,7,0
STU-01326,69.6,88.5,0.662,8,5,70.0,3,0
STU-01327,30.9,25.0,0.324,8,2,42.2,8,1
STU-01328,64.8,53.0,0.61,9,3,53.8,3,0
STU-01329,34.6,30.3,0.226,0,1,20.0,3,1
STU-01330,32.5,40.4,0.295,1,2,20.0,1,1
STU-01331,80.3,95.5,0.977,5,3,84.8,5,0
STU-01332,55.3,64.4,0.741,1,1,61.7,4,0
STU-01333,27.0,28.4,0.213,0,1,20.0,5,1
STU-01334,35.2,25.0,0.361,3,1,21.9,1,1
STU-01335,50.5,40.6,0.621,6,3,58.7,1,0
STU-01336,29.4,25.0,0.147,0,1,20.0,2,1
STU-01337,32.6,40.7,0.251,3,1,25.5,2,1
STU-01338,52.4,44.0,0.576,1,5,53.8,3,0
STU-01339,94.8,90.5,0.857,6,1,70.0,2,0
STU-01340,61.2,57.9,0.433,0,1,47.4,4,0
STU-01341,20.0,25.0,0.05,0,3,20.0,3,1
STU-01342,54.5,49.4,0.315,4,2,48.6,5,0
STU-01343,54.1,60.8,0.553,9,4,60.8,8,0
STU-01344,43.6,44.4,0.285,0,5,40.2,6,0
STU-01345,73.4,67.9,0.657,0,0,66.3,5,0
STU-01346,20.0,25.0,0.05,0,3,20.0,2,1
STU-01347,50.0,41.2,0.394,2,3,50.1,6,0
STU-01348,60.5,54.3,0.454,0,4,44.3,6,0
STU-01349,20.0,25.0,0.05,2,2,23.6,8,1
STU-01350,87.0,82.9,0.842,2,2,70.3,6,0
STU-01351,54.6,57.2,0.49,2,1,41.0,4,0
STU-01352,70.9,61.6,0.73,5,4,60.8,5,0
STU-01353,54.6,53.6,0.481,2,8,35.6,7,0
STU-01354,64.5,65.0,0.542,4,0,50.1,4,0
STU-01355,76.6,86.2,0.668,2,2,61.9,2,0
STU-01356,60.9,49.7,0.35,0,1,20.0,0,1
STU-01357,49.1,60.3,0.486,0,2,43.8,2,0
STU-01358,64.4,66.5,0.625,4,0,55.0,3,0
STU-01359,39.4,43.9,0.323,3,2,23.2,8,1
STU-01360,39.8,33.3,0.338,0,3,25.0,4,1
STU-01361,47.9,58.8,0.413,4,2,48.4,5,0
STU-01362,56.8,67.0,0.306,0,1,20.0,0,0
STU-01363,88.3,75.0,0.718,13,3,73.9,5,0
STU-01364,47.2,34.2,0.354,4,2,39.0,3,1
STU-01365,49.8,44.8,0.364,2,2,37.8,5,0
STU-01366,83.4,77.6,0.732,0,2,77.4,5,0
STU-01367,34.5,47.8,0.278,3,5,31.7,3,1
STU-01368,43.6,28.9,0.32,7,2,39.4,2,1
STU-01369,68.6,44.7,0.512,1,4,40.6,4,0
STU-01370,72.7,81.0,0.625,6,5,72.2,2,0
STU-01371,55.1,59.6,0.642,7,1,48.3,8,0
STU-01372,75.5,90.7,0.606,0,0,41.1,1,0
STU-01373,57.4,60.5,0.528,0,2,32.4,5,0
STU-01374,53.4,61.9,0.413,0,1,39.5,2,0
STU-01375,50.2,50.5,0.421,0,4,48.9,6,0
STU-01376,79.6,88.6,0.707,0,2,60.9,4,0
STU-01377,62.8,35.4,0.468,6,1,53.6,8,0
STU-01378,36.9,25.0,0.348,9,1,20.0,3,1
STU-01379,98.4,91.8,0.845,9,1,63.1,6,0
STU-01380,27.2,32.3,0.233,0,0,20.0,2,1
STU-01381,59.5,52.7,0.51,7,3,59.3,6,0
STU-01382,91.6,76.1,0.925,10,3,85.9,4,0
STU-01383,20.0,25.0,0.112,5,9,44.1,8,1
STU-01384,31.6,25.0,0.359,2,2,20.3,3,1
STU-01385,20.0,25.0,0.05,0,1,20.0,2,1
STU-01386,40.7,52.0,0.221,5,2,37.8,6,1
STU-01387,55.8,65.4,0.352,0,0,25.4,1,0
STU-01388,75.6,49.4,0.458,1,1,47.3,3,0
STU-01389,46.5,43.4,0.202,0,1,20.0,3,1
STU-01390,41.0,27.8,0.311,4,2,20.0,2,1
STU-01391,25.0,25.0,0.157,4,5,20.0,4,1
STU-01392,40.9,36.0,0.327,0,1,23.6,5,1
STU-01393,30.8,38.0,0.198,0,1,20.0,0,1
STU-01394,41.0,48.3,0.226,0,1,20.0,0,1
STU-01395,60.4,78.0,0.676,1,3,74.7,5,0
STU-01396,52.3,47.8,0.346,2,5,32.4,4,0
STU-01397,60.0,66.8,0.295,0,2,33.1,3,0
STU-01398,70.3,46.7,0.609,2,1,37.8,2,0
STU-01399,62.8,50.1,0.474,0,4,23.3,5,0
STU-01400,31.0,36.3,0.357,0,1,20.0,4,1
STU-01401,34.8,52.3,0.309,0,7,32.0,1,0
STU-01402,67.5,51.6,0.682,10,7,70.5,4,0
STU-01403,74.7,69.6,0.757,3,0,68.5,2,0
STU-01404,48.0,30.4,0.322,5,2,57.0,6,0
STU-01405,82.0,62.1,0.559,0,0,52.9,5,0
STU-01406,48.4,45.6,0.322,0,2,20.0,1,1
STU-01407,57.9,44.3,0.479,4,4,48.2,8,0
STU-01408,65.3,65.3,0.504,4,4,80.0,6,0
STU-01409,20.0,25.0,0.05,4,0,25.0,2,1
STU-01410,34.6,25.0,0.066,2,1,46.2,1,1
STU-01411,20.0,30.5,0.137,0,1,20.0,2,1
STU-01412,20.1,25.0,0.07,1,1,20.0,3,1
STU-01413,49.3,31.2,0.381,4,4,66.9,2,0
STU-01414,38.6,47.9,0.1,0,0,30.3,7,1
STU-01415,66.6,37.5,0.454,8,4,36.3,4,0
STU-01416,34.8,30.6,0.082,0,4,26.0,4,1
STU-01417,59.3,79.6,0.518,0,2,48.4,3,0
STU-01418,86.8,80.5,0.821,8,3,83.2,13,0
STU-01419,52.9,62.2,0.446,3,1,25.5,3,0
STU-01420,73.5,69.0,0.699,0,5,60.6,8,0
STU-01421,45.9,46.1,0.334,0,3,36.6,3,0
STU-01422,53.1,43.5,0.512,6,2,49.0,10,0
STU-01423,30.1,25.0,0.05,0,7,42.5,9,1
STU-01424,29.5,27.7,0.185,6,1,20.0,7,1
STU-01425,30.1,31.6,0.255,6,6,80.1,15,0
STU-01426,45.8,48.8,0.115,2,3,35.3,7,1
STU-01427,72.0,70.9,0.526,0,1,58.6,2,0
STU-01428,79.8,70.3,0.575,0,2,51.7,2,0
STU-01429,46.0,36.6,0.149,8,7,43.8,7,0
STU-01430,74.3,59.4,0.747,5,4,75.2,6,0
STU-01431,26.6,25.0,0.05,0,2,20.0,4,1
STU-01432,54.8,59.1,0.356,2,5,64.0,5,0
STU-01433,56.1,41.4,0.395,0,1,35.0,2,0
STU-01434,35.6,32.2,0.217,6,4,20.0,2,1
STU-01435,58.6,64.5,0.542,0,1,34.4,2,0
STU-01436,52.9,47.6,0.475,9,2,68.1,7,0
STU-01437,46.7,46.4,0.307,0,0,41.1,3,1
STU-01438,20.0,31.5,0.146,0,1,20.0,1,1
STU-01439,42.0,39.8,0.298,1,0,42.6,3,1
STU-01440,50.6,65.9,0.492,3,9,51.7,10,0
STU-01441,43.6,44.7,0.256,1,6,42.1,12,0
STU-01442,58.5,58.4,0.563,1,0,69.8,5,0
STU-01443,50.1,61.0,0.427,0,1,47.0,1,0
STU-01444,56.8,64.8,0.442,0,1,40.7,2,0
STU-01445,44.8,41.5,0.331,5,8,47.3,4,0
STU-01446,25.3,25.2,0.05,0,6,20.0,6,1
STU-01447,76.5,80.6,0.6,0,2,53.5,2,0
STU-01448,43.9,38.8,0.285,0,3,44.5,4,1
STU-01449,67.9,64.3,0.513,0,1,49.6,1,0
STU-01450,83.0,79.4,0.861,9,1,54.8,3,0
STU-01451,59.9,54.1,0.319,0,4,30.3,3,0
STU-01452,58.3,60.7,0.674,4,5,53.9,4,0
STU-01453,75.4,77.6,0.586,2,4,69.6,11,0
STU-01454,76.2,90.9,0.771,3,3,90.8,5,0
STU-01455,64.7,52.3,0.457,8,10,84.1,8,0
STU-01456,62.1,42.8,0.223,0,2,50.2,3,0
STU-01457,82.1,77.1,0.742,6,2,77.3,2,0
STU-01458,20.0,29.2,0.18,0,0,20.0,5,1
STU-01459,62.4,52.2,0.53,0,3,44.7,0,0
STU-01460,44.4,53.8,0.359,4,3,51.7,7,0
STU-01461,58.0,67.4,0.351,4,1,47.8,6,0
STU-01462,38.6,37.9,0.1,0,5,26.4,3,1
STU-01463,25.7,25.0,0.296,0,2,20.0,5,1
STU-01464,20.0,25.0,0.05,1,3,20.0,3,1
STU-01465,25.1,25.0,0.275,0,3,35.3,6,1
STU-01466,51.4,33.4,0.351,11,8,54.2,10,0
STU-01467,49.2,50.7,0.411,6,4,53.7,11,0
STU-01468,82.5,89.5,0.838,0,0,60.3,8,0
STU-01469,69.5,90.7,0.532,2,4,87.5,8,0
STU-01470,46.1,46.4,0.5,5,3,33.4,10,0
STU-01471,58.3,61.5,0.49,0,2,20.0,2,0
STU-01472,36.7,42.3,0.377,0,0,23.9,4,1
STU-01473,56.7,46.1,0.39,5,4,37.2,4,0
STU-01474,55.5,54.2,0.74,12,3,52.2,9,0
STU-01475,52.7,41.8,0.527,0,1,20.7,2,1
STU-01476,51.3,40.1,0.471,6,2,64.5,2,0
STU-01477,59.9,61.4,0.553,0,3,21.3,4,0
STU-01478,39.6,25.0,0.222,2,3,27.7,3,1
STU-01479,74.5,53.6,0.701,15,3,59.5,4,0
STU-01480,100.0,100.0,1.0,6,2,94.4,4,0
STU-01481,63.9,53.6,0.425,2,0,63.5,3,0
STU-01482,77.5,70.6,0.658,1,6,62.0,5,0
STU-01483,46.6,49.3,0.471,5,2,73.6,11,0
STU-01484,74.8,74.1,0.456,4,5,68.4,6,0
STU-01485,39.1,50.2,0.374,0,4,46.8,4,0
STU-01486,52.1,40.7,0.396,4,6,54.9,4,0
STU-01487,44.9,34.9,0.328,3,3,46.1,2,0
STU-01488,58.3,54.5,0.43,0,3,66.5,1,0
STU-01489,30.3,25.0,0.193,0,1,31.9,6,1
STU-01490,61.1,50.4,0.377,0,3,47.1,4,0
STU-01491,68.3,81.7,0.703,3,4,48.1,4,0
STU-01492,65.6,56.7,0.53,3,3,53.7,4,0
STU-01493,48.3,36.7,0.639,0,3,30.2,2,0
STU-01494,66.8,63.6,0.535,7,4,63.0,9,0
STU-01495,52.7,45.2,0.358,3,5,84.3,9,0
STU-01496,81.4,54.9,0.625,5,3,36.7,1,0
STU-01497,22.4,25.0,0.32,5,9,32.3,7,1
STU-01498,52.9,49.8,0.273,7,5,52.7,4,0
STU-01499,20.0,25.0,0.062,2,1,20.0,5,1
STU-01500,40.4,49.0,0.466,11,5,44.2,6,0
STU-01501,74.4,85.0,0.668,0,1,60.3,7,0
STU-01502,64.0,76.2,0.63,1,3,63.8,7,0
STU-01503,41.3,60.2,0.47,4,3,46.3,5,0
STU-01504,32.5,27.3,0.174,4,2,20.0,5,1
STU-01505,20.0,25.0,0.05,0,3,20.0,5,1
STU-01506,44.7,52.5,0.338,12,6,59.8,17,0
STU-01507,87.9,93.5,0.882,1,3,84.4,3,0
STU-01508,56.5,54.0,0.331,0,3,40.4,3,0
STU-01509,49.5,39.6,0.477,8,1,60.9,10,0
STU-01510,70.2,65.6,0.474,5,2,54.0,5,0
STU-01511,21.5,25.0,0.05,0,2,20.8,3,1
STU-01512,56.2,47.4,0.474,5,1,30.5,6,0
STU-01513,53.6,58.6,0.559,6,2,38.0,1,0
STU-01514,63.4,47.1,0.335,4,4,71.2,6,0
STU-01515,84.1,58.3,0.715,9,4,65.5,6,0
STU-01516,60.0,46.0,0.624,0,4,54.8,2,0
STU-01517,61.2,54.0,0.614,4,3,49.8,9,0
STU-01518,34.3,25.9,0.339,0,1,38.9,5,1
STU-01519,68.7,74.2,0.806,5,2,56.4,7,0
STU-01520,93.4,86.7,0.739,5,3,70.2,5,0
STU-01521,33.0,39.2,0.397,0,3,20.0,7,1
STU-01522,39.3,34.3,0.078,0,1,20.2,3,1
STU-01523,77.7,85.9,0.766,3,0,67.0,7,0
STU-01524,44.7,50.7,0.368,0,1,26.4,3,1
STU-01525,67.0,73.1,0.468,0,0,35.2,5,0
STU-01526,20.0,42.6,0.243,1,6,42.0,5,1
STU-01527,85.0,89.3,0.855,5,6,63.8,5,0
STU-01528,35.5,42.6,0.235,0,2,20.0,5,1
STU-01529,66.2,66.4,0.538,1,2,43.4,4,0
STU-01530,68.0,60.1,0.685,0,2,63.3,2,0
STU-01531,65.9,47.0,0.584,11,4,68.4,5,0
STU-01532,39.0,26.3,0.246,0,3,42.6,1,1
STU-01533,59.7,53.5,0.492,6,7,55.0,3,0
STU-01534,59.7,69.6,0.5,0,1,42.7,4,0
STU-01535,33.8,25.0,0.249,4,2,32.9,7,1
STU-01536,63.5,77.7,0.523,5,2,35.8,1,0
STU-01537,45.9,27.5,0.287,2,2,40.5,7,1
STU-01538,79.0,68.8,0.665,7,0,60.9,3,0
STU-01539,20.0,25.0,0.05,4,4,20.0,3,1
STU-01540,36.5,33.2,0.475,3,2,24.9,2,1
STU-01541,32.1,25.0,0.219,5,4,37.9,2,1
STU-01542,40.5,42.0,0.391,5,2,52.5,4,0
STU-01543,77.0,70.0,0.785,10,1,71.8,6,0
STU-01544,34.8,51.0,0.161,0,1,43.6,3,1
STU-01545,26.6,34.6,0.197,0,4,24.9,5,1
STU-01546,52.4,41.5,0.331,0,1,20.0,2,1
STU-01547,69.4,57.1,0.334,10,7,73.1,17,0
STU-01548,34.5,45.8,0.25,4,4,21.6,5,1
STU-01549,68.5,42.0,0.678,0,2,29.6,2,0
STU-01550,64.1,50.0,0.515,0,1,50.0,5,0
STU-01551,70.6,61.6,0.641,5,4,52.1,5,0
STU-01552,56.1,46.3,0.474,0,1,27.2,6,0
STU-01553,76.2,59.7,0.66,13,2,84.4,12,0
STU-01554,100.0,100.0,1.0,10,1,86.0,9,0
STU-01555,56.6,44.8,0.453,5,3,53.4,10,0
STU-01556,54.0,47.3,0.474,5,4,56.4,5,0
STU-01557,35.9,37.5,0.205,0,1,43.3,5,1
STU-01558,20.0,25.0,0.148,0,2,24.3,9,1
STU-01559,28.2,25.0,0.275,1,4,20.0,5,1
STU-01560,30.5,25.4,0.269,0,2,20.0,4,1
STU-01561,35.9,41.3,0.231,0,3,25.1,5,1
STU-01562,79.6,51.4,0.641,9,2,64.5,4,0
STU-01563,52.2,56.1,0.594,3,3,24.9,4,0
STU-01564,42.9,33.0,0.401,4,1,31.6,5,1
STU-01565,67.0,76.6,0.601,2,2,72.4,2,0
STU-01566,69.1,68.7,0.512,5,6,51.6,6,0
STU-01567,47.1,61.0,0.571,5,2,44.9,6,0
STU-01568,48.3,28.7,0.242,0,4,20.0,4,1
STU-01569,65.1,60.7,0.663,7,5,61.9,9,0
STU-01570,64.1,42.8,0.571,3,5,49.8,5,0
STU-01571,23.3,25.0,0.279,4,4,25.1,4,1
STU-01572,42.2,51.6,0.326,0,4,33.5,4,0
STU-01573,55.4,57.3,0.149,0,2,22.2,4,0
STU-01574,35.0,25.0,0.272,1,2,23.3,1,1
STU-01575,66.3,50.4,0.662,3,2,40.1,5,0
STU-01576,20.0,25.0,0.05,0,3,20.0,2,1
STU-01577,81.3,81.2,0.682,4,2,69.3,6,0
STU-01578,78.3,61.1,0.794,5,1,70.2,6,0
STU-01579,38.3,25.0,0.195,0,2,36.4,2,1
STU-01580,50.1,56.6,0.604,0,4,23.4,2,0
STU-01581,20.0,25.0,0.05,4,3,20.0,6,1
STU-01582,33.5,25.2,0.209,7,8,64.0,8,0
STU-01583,41.1,39.7,0.357,0,2,36.0,4,0
STU-01584,35.6,32.7,0.18,1,1,20.0,3,1
STU-01585,80.3,68.3,0.686,8,2,69.8,3,0
STU-01586,100.0,90.9,0.898,10,10,100.0,9,0
STU-01587,27.2,32.7,0.31,2,0,33.6,5,1
STU-01588,31.8,33.2,0.292,1,1,33.2,5,1
STU-01589,45.6,46.4,0.453,0,3,46.1,0,0
STU-01590,99.9,84.9,0.764,4,0,55.3,6,0
STU-01591,36.4,29.6,0.351,2,2,27.4,2,1
STU-01592,67.4,71.9,0.892,7,4,63.9,7,0
STU-01593,80.8,93.4,0.849,7,5,94.8,5,0
STU-01594,31.8,30.8,0.259,7,3,47.4,2,1
STU-01595,35.8,25.0,0.127,2,3,25.3,1,1
STU-01596,52.1,41.3,0.417,11,11,60.5,8,0
STU-01597,59.1,42.1,0.444,8,3,27.2,4,0
STU-01598,77.1,61.1,0.457,0,1,61.5,2,0
STU-01599,39.2,37.7,0.275,0,2,21.5,2,1
STU-01600,29.3,32.3,0.458,9,4,49.2,11,0
STU-01601,61.1,68.7,0.673,5,1,61.0,4,0
STU-01602,40.5,27.4,0.128,1,4,49.5,9,1
STU-01603,78.5,77.1,0.497,0,1,34.6,2,0
STU-01604,49.1,43.1,0.537,9,1,60.2,10,0
STU-01605,41.5,41.6,0.298,3,3,22.2,4,0
STU-01606,55.7,47.5,0.348,3,6,53.5,5,0
STU-01607,85.3,71.1,0.812,6,3,44.7,4,0
STU-01608,52.4,53.3,0.487,3,3,25.5,6,0
STU-01609,20.0,25.0,0.05,3,2,20.0,5,1
STU-01610,70.0,56.8,0.506,3,2,45.4,7,0
STU-01611,38.4,25.0,0.302,3,5,37.0,9,1
STU-01612,61.8,48.5,0.611,4,2,44.9,6,0
STU-01613,36.7,25.6,0.262,6,2,42.8,6,1
STU-01614,69.4,60.4,0.488,5,1,51.7,3,0
STU-01615,54.3,49.8,0.422,3,0,21.6,7,0
STU-01616,33.4,27.7,0.151,6,7,37.3,4,1
STU-01617,73.2,65.2,0.629,6,4,76.8,4,0
STU-01618,59.0,55.1,0.417,2,4,47.0,4,0
STU-01619,41.4,47.6,0.257,2,3,43.8,6,0
STU-01620,91.2,78.2,0.864,6,2,77.4,5,0
STU-01621,52.5,42.8,0.458,5,0,21.8,5,0
STU-01622,47.4,42.1,0.535,2,1,60.5,4,0
STU-01623,51.4,62.7,0.359,0,4,49.6,2,0
STU-01624,43.9,41.1,0.283,6,3,48.9,3,0
STU-01625,60.2,53.6,0.64,2,0,37.1,1,0
STU-01626,55.8,39.4,0.255,9,5,70.9,6,0
STU-01627,68.1,56.9,0.741,7,1,50.0,4,0
STU-01628,83.6,72.6,0.738,0,4,57.3,8,0
STU-01629,41.2,27.0,0.382,8,6,32.2,10,0
STU-01630,20.6,25.0,0.089,11,3,45.9,7,1
STU-01631,79.2,85.4,0.686,5,4,62.8,2,0
STU-01632,100.0,100.0,1.0,17,3,100.0,9,0
STU-01633,44.8,36.4,0.228,0,2,20.0,2,1
STU-01634,20.0,25.0,0.063,4,3,20.0,5,1
STU-01635,39.8,40.4,0.35,0,4,28.0,2,1
STU-01636,45.1,41.1,0.408,0,1,36.4,2,1
STU-01637,56.1,44.9,0.362,2,0,37.3,4,0
STU-01638,44.5,33.6,0.405,8,3,59.8,8,0
STU-01639,64.5,69.2,0.629,3,2,48.4,5,0
STU-01640,77.3,72.4,0.816,6,1,46.7,4,0
STU-01641,26.2,25.0,0.215,0,3,20.0,4,1
STU-01642,47.7,60.4,0.621,4,3,74.4,9,0
STU-01643,100.0,100.0,1.0,12,2,100.0,11,0
STU-01644,67.7,47.1,0.607,4,2,51.5,8,0
STU-01645,33.1,34.9,0.2,0,2,34.1,6,1
STU-01646,47.6,43.8,0.331,0,0,29.2,3,1
STU-01647,68.0,51.3,0.445,0,4,51.9,3,0
STU-01648,26.8,25.0,0.231,7,1,26.5,1,1
STU-01649,55.1,43.7,0.471,2,3,74.3,6,0
STU-01650,41.2,29.5,0.446,4,2,23.9,3,1
STU-01651,97.5,93.2,0.806,8,6,91.4,7,0
STU-01652,57.2,46.4,0.492,8,4,57.6,8,0
STU-01653,78.5,72.4,0.59,2,6,86.4,7,0
STU-01654,34.7,25.0,0.21,1,4,34.3,5,1
STU-01655,71.3,66.3,0.611,8,4,62.8,5,0
STU-01656,60.3,70.4,0.498,2,4,62.4,2,0
STU-01657,38.1,31.1,0.318,3,0,24.9,5,1
STU-01658,54.7,47.8,0.245,4,3,56.5,10,0
STU-01659,78.5,86.2,0.752,3,2,46.2,3,0
STU-01660,30.5,25.3,0.287,1,3,49.1,0,1
STU-01661,20.1,29.3,0.05,0,1,20.1,4,1
STU-01662,38.3,64.5,0.46,0,1,32.0,4,0
STU-01663,58.9,25.0,0.351,6,1,40.3,3,0
STU-01664,55.0,45.5,0.521,5,1,59.7,4,0
STU-01665,52.9,45.6,0.683,4,2,56.9,5,0
STU-01666,30.1,25.0,0.379,5,2,20.0,3,1
STU-01667,37.1,28.4,0.494,13,1,20.0,6,1
STU-01668,43.4,57.6,0.241,0,1,31.5,2,1
STU-01669,45.8,35.0,0.158,0,2,20.0,2,1
STU-01670,20.0,25.0,0.05,2,4,20.0,5,1
STU-01671,66.7,60.1,0.434,0,6,64.3,4,0
STU-01672,50.7,54.2,0.312,0,0,56.9,3,0
STU-01673,37.2,25.0,0.259,2,9,55.0,4,0
STU-01674,20.0,25.0,0.059,0,1,20.0,4,1
STU-01675,85.1,84.3,0.679,3,0,64.1,5,0
STU-01676,60.6,52.1,0.42,6,10,84.2,10,0
STU-01677,100.0,99.0,0.882,3,2,88.8,4,0
STU-01678,75.0,57.8,0.574,7,3,61.1,9,0
STU-01679,56.4,65.2,0.577,1,2,35.9,3,0
STU-01680,45.0,59.0,0.522,3,1,65.1,4,0
STU-01681,82.7,81.6,0.87,9,1,68.5,4,0
STU-01682,67.6,51.5,0.462,4,1,74.2,6,0
STU-01683,62.3,54.6,0.485,0,5,44.7,1,0
STU-01684,55.6,31.4,0.28,0,0,34.3,3,1
STU-01685,26.8,30.4,0.153,0,1,20.0,6,1
STU-01686,47.9,26.7,0.269,1,2,36.5,3,1
STU-01687,72.0,71.8,0.718,0,2,42.8,6,0
STU-01688,78.2,68.9,0.578,0,2,72.6,3,0
STU-01689,63.5,62.8,0.662,15,2,91.2,12,0
STU-01690,45.5,58.8,0.455,9,2,45.6,8,0
STU-01691,67.1,57.9,0.642,8,10,69.3,0,0
STU-01692,46.2,43.9,0.431,0,0,45.3,4,1
STU-01693,66.1,54.2,0.546,0,1,55.4,5,0
STU-01694,20.0,25.0,0.05,4,1,20.0,7,1
STU-01695,50.0,30.3,0.41,5,5,42.2,8,0
STU-01696,31.7,25.0,0.05,0,2,20.0,2,1
STU-01697,20.0,25.0,0.05,0,1,20.1,3,1
STU-01698,30.7,27.1,0.175,4,3,36.4,4,1
STU-01699,33.2,28.0,0.177,0,3,20.0,3,1
STU-01700,43.6,49.5,0.32,0,1,20.0,2,1
STU-01701,72.2,63.3,0.615,0,0,47.6,1,0
STU-01702,46.3,58.1,0.248,2,2,37.3,1,0
STU-01703,31.6,25.0,0.315,2,6,26.4,2,1
STU-01704,51.7,64.8,0.447,3,0,21.7,5,0
STU-01705,72.6,68.3,0.871,9,3,80.9,9,0
STU-01706,33.7,29.0,0.211,1,1,20.0,1,1
STU-01707,26.1,25.6,0.141,1,2,39.4,3,1
STU-01708,62.6,60.6,0.609,5,1,64.9,6,0
STU-01709,53.5,55.0,0.41,4,1,40.5,5,0
STU-01710,55.2,72.8,0.616,0,0,58.4,6,0
STU-01711,63.4,63.2,0.542,4,2,59.4,8,0
STU-01712,79.9,65.7,0.682,9,3,83.3,8,0
STU-01713,43.4,37.2,0.466,6,2,39.1,4,0
STU-01714,66.4,52.4,0.581,9,4,61.2,5,0
STU-01715,47.5,33.5,0.205,0,3,24.2,4,1
STU-01716,28.9,25.0,0.265,2,3,20.9,2,1
STU-01717,22.3,25.0,0.082,1,5,46.3,5,1
STU-01718,73.7,65.2,0.474,3,1,53.9,5,0
STU-01719,48.8,25.0,0.376,2,2,45.6,3,1
STU-01720,28.3,25.0,0.13,0,4,20.0,4,1
STU-01721,59.6,60.7,0.344,5,1,24.1,3,0
STU-01722,57.3,77.7,0.511,0,4,64.8,2,0
STU-01723,22.8,25.0,0.05,2,4,24.5,3,1
STU-01724,24.1,25.0,0.227,2,2,24.2,8,1
STU-01725,35.7,29.7,0.224,0,2,20.0,3,1
STU-01726,85.5,61.9,0.707,4,3,85.7,8,0
STU-01727,61.6,65.3,0.565,3,2,55.4,3,0
STU-01728,71.8,66.5,0.549,8,2,58.6,4,0
STU-01729,54.2,52.8,0.453,10,4,34.7,4,0
STU-01730,35.2,25.0,0.29,8,1,30.4,1,1
STU-01731,72.1,68.7,0.625,2,1,54.8,4,0
STU-01732,37.9,45.0,0.323,0,3,48.4,1,1
STU-01733,51.3,51.9,0.414,1,9,62.6,7,0
STU-01734,76.6,43.2,0.612,8,3,52.5,1,0
STU-01735,48.9,55.7,0.376,0,1,51.4,2,0
STU-01736,48.1,53.4,0.329,0,1,22.8,4,1
STU-01737,63.4,79.6,0.551,6,3,52.1,3,0
STU-01738,70.8,73.8,0.603,4,6,85.2,9,0
STU-01739,20.0,25.0,0.083,0,3,20.0,1,1
STU-01740,20.0,25.0,0.05,2,1,20.0,1,1
STU-01741,88.0,65.2,0.684,7,1,70.2,3,0
STU-01742,65.7,81.5,0.487,0,1,46.6,3,0
STU-01743,30.2,25.0,0.131,0,3,20.0,2,1
STU-01744,34.0,29.4,0.346,8,4,41.3,10,0
STU-01745,67.1,58.6,0.539,7,7,76.6,18,0
STU-01746,67.6,68.2,0.51,1,3,26.8,2,0
STU-01747,94.1,75.6,0.602,0,1,41.7,2,0
STU-01748,64.7,61.9,0.363,0,4,60.5,8,0
STU-01749,49.8,42.2,0.481,1,4,39.1,5,0
STU-01750,43.0,35.0,0.444,10,5,45.1,8,0
STU-01751,46.3,50.6,0.274,0,1,31.4,3,1
STU-01752,57.5,42.4,0.373,3,2,43.3,6,0
STU-01753,52.4,26.7,0.306,6,4,32.8,4,1
STU-01754,81.7,83.9,0.638,0,4,49.0,6,0
STU-01755,100.0,90.4,0.879,4,4,90.1,5,0
STU-01756,58.5,70.7,0.525,0,3,45.5,3,0
STU-01757,44.0,29.6,0.37,2,2,42.8,3,1
STU-01758,64.9,58.7,0.574,4,2,33.1,4,0
STU-01759,66.3,82.1,0.711,11,4,66.0,8,0
STU-01760,68.8,74.0,0.618,2,1,43.3,3,0
STU-01761,61.6,70.2,0.265,0,1,39.4,1,0
STU-01762,65.6,55.7,0.49,0,0,44.0,6,0
STU-01763,72.4,63.1,0.596,3,4,36.4,2,0
STU-01764,68.1,72.8,0.552,5,4,74.1,7,0
STU-01765,59.0,56.4,0.572,6,1,55.8,1,0
STU-01766,28.6,25.0,0.244,6,5,47.9,8,0
STU-01767,52.3,69.7,0.645,6,5,69.7,4,0
STU-01768,31.3,37.4,0.23,0,4,45.4,3,1
STU-01769,21.6,29.3,0.05,0,0,20.0,8,1
STU-01770,77.1,70.2,0.751,0,3,79.0,3,0
STU-01771,94.7,90.8,0.85,5,2,84.2,6,0
STU-01772,77.4,88.3,0.601,0,2,44.1,2,0
STU-01773,60.9,58.5,0.792,5,2,77.1,3,0
STU-01774,90.1,79.4,0.851,8,2,63.0,1,0
STU-01775,52.3,41.5,0.558,5,4,41.0,7,0
STU-01776,23.1,47.4,0.094,0,1,24.0,3,1
STU-01777,25.8,25.0,0.05,0,3,20.0,1,1
STU-01778,74.4,66.6,0.723,12,6,91.1,7,0
STU-01779,49.1,38.6,0.452,0,2,54.2,2,0
STU-01780,27.5,26.5,0.05,0,3,20.0,2,1
STU-01781,54.8,64.4,0.621,8,1,66.7,2,0
STU-01782,56.0,48.2,0.42,0,1,20.0,2,1
STU-01783,90.2,82.2,0.876,5,0,54.8,8,0
STU-01784,78.8,81.6,0.63,5,4,89.1,5,0
STU-01785,60.7,49.6,0.565,11,2,52.1,13,0
STU-01786,64.7,47.9,0.606,2,1,55.3,1,0
STU-01787,55.7,40.3,0.461,5,1,54.6,8,0
STU-01788,65.0,52.2,0.748,12,1,59.8,3,0
STU-01789,48.8,25.0,0.32,11,4,58.8,11,0
STU-01790,50.3,34.1,0.271,0,0,29.8,2,1
STU-01791,48.0,43.3,0.354,4,1,30.6,2,1
STU-01792,36.2,27.7,0.487,11,4,65.1,10,0
STU-01793,75.9,69.1,0.653,4,1,72.5,3,0
STU-01794,73.2,49.9,0.484,0,4,56.2,9,0
STU-01795,32.8,25.0,0.317,4,2,20.0,7,1
STU-01796,69.0,67.6,0.469,6,1,61.9,8,0
STU-01797,89.1,80.0,0.932,10,5,43.7,5,0
STU-01798,67.8,70.5,0.529,0,0,48.8,2,0
STU-01799,73.1,55.5,0.533,3,8,72.1,8,0
STU-01800,55.6,61.4,0.385,0,4,34.4,4,0
STU-01801,31.3,26.8,0.328,0,4,34.9,4,1
STU-01802,23.5,32.3,0.1,0,1,20.0,4,1
STU-01803,45.0,42.1,0.226,0,3,20.4,1,1
STU-01804,65.5,60.3,0.491,0,4,59.9,3,0
STU-01805,90.2,83.0,0.614,6,4,66.2,8,0
STU-01806,81.7,65.9,0.63,0,3,40.0,4,0
STU-01807,68.9,65.8,0.545,8,1,30.4,4,0
STU-01808,30.8,25.0,0.278,4,5,30.9,4,1
STU-01809,67.7,56.3,0.507,8,2,50.0,7,0
STU-01810,65.3,52.5,0.521,2,4,49.0,6,0
STU-01811,52.1,52.9,0.409,5,3,55.2,7,0
STU-01812,40.6,36.1,0.389,1,1,34.7,2,1
STU-01813,73.5,62.3,0.734,4,2,65.0,8,0
STU-01814,45.3,31.6,0.301,2,2,41.0,5,1
STU-01815,47.5,41.9,0.348,8,2,55.6,3,0
STU-01816,70.0,58.4,0.586,3,3,48.2,5,0
STU-01817,50.0,36.2,0.381,2,2,31.3,3,0
STU-01818,70.6,56.5,0.348,4,0,50.7,1,0
STU-01819,66.2,67.7,0.929,14,6,85.1,5,0
STU-01820,33.8,25.0,0.255,0,4,21.0,5,1
STU-01821,53.9,41.4,0.469,5,5,61.8,4,0
STU-01822,81.8,77.0,0.848,8,4,89.9,7,0
STU-01823,39.3,51.2,0.229,6,1,39.8,7,1
STU-01824,20.0,25.0,0.124,2,5,20.0,3,1
STU-01825,20.0,25.0,0.05,0,2,20.0,1,1
STU-01826,69.4,62.5,0.561,9,4,41.2,7,0
STU-01827,49.9,25.0,0.172,0,4,25.8,4,1
STU-01828,59.8,34.5,0.624,9,2,73.8,10,0
STU-01829,81.4,71.9,0.627,2,3,73.9,4,0
STU-01830,20.0,25.0,0.158,4,4,20.0,7,1
STU-01831,57.2,51.5,0.318,0,1,38.6,4,0
STU-01832,73.1,75.1,0.724,2,6,76.5,13,0
STU-01833,38.6,36.1,0.457,3,3,25.6,6,1
STU-01834,58.0,33.1,0.508,1,1,39.1,6,0
STU-01835,44.1,35.7,0.358,3,5,55.4,5,0
STU-01836,33.2,32.7,0.292,1,5,34.4,4,1
STU-01837,76.0,60.1,0.817,14,6,88.8,5,0
STU-01838,92.7,78.6,0.799,5,1,69.7,5,0
STU-01839,98.4,100.0,0.782,6,2,63.8,5,0
STU-01840,62.5,46.7,0.611,6,2,27.8,1,0
STU-01841,100.0,100.0,1.0,5,3,54.7,3,0
STU-01842,55.3,43.4,0.431,1,2,39.0,6,0
STU-01843,70.9,80.7,0.421,0,3,55.5,4,0
STU-01844,39.7,46.7,0.364,6,6,67.4,9,0
STU-01845,63.4,54.1,0.425,5,4,54.0,2,0
STU-01846,49.8,57.5,0.475,0,4,27.8,1,0
STU-01847,100.0,100.0,0.873,4,3,90.8,1,0
STU-01848,73.4,42.3,0.543,5,7,79.8,10,0
STU-01849,57.3,25.0,0.435,9,2,49.3,7,0
STU-01850,78.3,83.3,0.6,4,8,71.6,5,0
STU-01851,50.3,55.9,0.482,7,4,35.4,7,0
STU-01852,52.9,58.4,0.41,3,5,38.2,6,0
STU-01853,77.0,67.8,0.676,0,3,43.0,5,0
STU-01854,52.2,41.3,0.378,3,0,51.4,1,0
STU-01855,50.5,46.3,0.297,0,1,40.4,5,0
STU-01856,43.0,39.4,0.05,0,5,20.0,2,1
STU-01857,50.6,49.4,0.354,0,4,37.1,2,0
STU-01858,64.9,73.3,0.709,5,0,68.0,5,0
STU-01859,27.2,35.2,0.413,5,3,21.6,5,1
STU-01860,78.8,75.0,0.766,10,0,91.2,6,0
STU-01861,46.9,38.1,0.396,7,2,33.4,2,1
STU-01862,21.9,25.0,0.05,0,2,22.7,7,1
STU-01863,62.7,59.4,0.467,0,1,28.0,1,0
STU-01864,58.4,54.7,0.482,8,4,72.2,9,0
STU-01865,64.5,46.5,0.648,10,8,31.8,7,0
STU-01866,93.8,77.9,0.776,6,2,59.8,5,0
STU-01867,36.5,25.0,0.297,5,4,38.1,4,1
STU-01868,55.5,41.1,0.288,6,8,55.7,5,0
STU-01869,37.4,25.0,0.262,0,3,35.8,5,1
STU-01870,71.2,61.7,0.458,5,5,60.3,6,0
STU-01871,55.7,49.2,0.404,0,4,41.5,7,0
STU-01872,36.8,37.9,0.202,0,3,33.4,5,1
STU-01873,66.7,62.3,0.577,2,4,54.3,1,0
STU-01874,65.1,58.1,0.763,6,0,72.6,1,0
STU-01875,20.0,25.0,0.053,0,2,20.0,3,1
STU-01876,20.0,25.0,0.05,0,1,20.0,2,1
STU-01877,58.7,45.3,0.365,1,2,30.4,1,1
STU-01878,43.5,38.2,0.289,0,6,53.3,5,0
STU-01879,52.0,48.2,0.439,0,3,23.7,3,0
STU-01880,59.8,50.0,0.588,5,2,51.4,1,0
STU-01881,64.2,39.5,0.301,4,2,38.7,4,0
STU-01882,74.4,71.1,0.708,9,4,84.1,14,0
STU-01883,20.0,26.5,0.183,0,0,20.0,4,1
STU-01884,32.0,25.0,0.114,3,2,27.7,8,1
STU-01885,50.0,29.8,0.318,4,4,23.8,3,1
STU-01886,62.2,54.0,0.455,0,2,60.4,3,0
STU-01887,57.0,65.8,0.496,0,2,45.7,0,0
STU-01888,51.0,36.5,0.578,6,4,26.9,6,0
STU-01889,20.0,25.0,0.17,5,2,24.8,7,1
STU-01890,22.4,25.0,0.244,0,4,20.0,2,1
STU-01891,33.9,25.0,0.05,0,1,20.0,6,1
STU-01892,42.1,39.4,0.375,3,1,33.7,7,1
STU-01893,24.7,25.0,0.159,0,2,20.0,4,1
STU-01894,53.2,59.8,0.401,2,1,56.0,3,0
STU-01895,44.0,38.6,0.326,1,6,31.2,3,1
STU-01896,68.3,58.4,0.469,0,6,41.6,2,0
STU-01897,41.9,35.0,0.222,0,3,30.2,3,1
STU-01898,45.1,25.0,0.313,5,9,42.1,6,0
STU-01899,47.9,48.1,0.367,1,2,33.2,2,0
STU-01900,39.2,25.0,0.306,5,6,27.0,5,1
STU-01901,56.6,47.0,0.428,0,4,56.9,4,0
STU-01902,69.1,67.8,0.679,8,6,46.9,5,0
STU-01903,46.7,42.6,0.426,2,1,35.3,2,1
STU-01904,78.0,82.0,0.703,0,3,46.8,4,0
STU-01905,38.3,26.5,0.248,0,0,25.5,3,1
STU-01906,85.8,89.0,0.683,0,9,92.3,13,0
STU-01907,43.8,38.7,0.453,0,0,47.1,3,1
STU-01908,29.4,25.0,0.05,1,5,20.0,1,1
STU-01909,30.8,40.0,0.259,0,3,20.0,0,1
STU-01910,34.4,44.4,0.185,0,4,20.0,0,1
STU-01911,38.9,35.5,0.27,1,3,42.4,5,0
STU-01912,82.5,61.1,0.766,13,5,87.5,13,0
STU-01913,48.2,58.1,0.284,0,3,46.8,8,0
STU-01914,37.8,47.5,0.092,0,2,20.0,3,1
STU-01915,89.8,62.3,0.813,3,3,66.5,3,0
STU-01916,76.8,73.2,0.797,6,2,83.5,2,0
STU-01917,78.6,73.1,0.694,0,3,55.4,1,0
STU-01918,65.2,54.1,0.455,0,1,59.3,2,0
STU-01919,82.9,77.7,0.851,5,3,64.8,4,0
STU-01920,20.0,25.0,0.05,0,0,20.0,2,1
STU-01921,40.0,45.6,0.192,0,0,20.0,5,1
STU-01922,30.0,25.0,0.23,4,2,45.1,3,1
STU-01923,68.5,58.5,0.676,5,3,31.7,1,0
STU-01924,41.0,44.8,0.39,3,4,25.2,2,0
STU-01925,57.1,46.9,0.428,4,2,37.1,4,0
STU-01926,94.2,85.5,0.967,10,5,100.0,5,0
STU-01927,64.7,46.4,0.676,12,3,76.8,6,0
STU-01928,58.4,53.6,0.465,0,7,33.6,2,0
STU-01929,56.7,39.2,0.544,0,2,37.2,4,0
STU-01930,84.7,62.3,0.778,8,2,52.0,6,0
STU-01931,33.9,31.3,0.275,0,1,26.6,3,1
STU-01932,73.2,70.6,0.671,9,4,84.0,5,0
STU-01933,61.3,69.1,0.481,0,3,55.4,4,0
STU-01934,91.6,85.0,0.745,6,5,73.9,10,0
STU-01935,53.0,66.5,0.501,3,1,56.4,4,0
STU-01936,53.9,53.5,0.509,0,5,55.7,5,0
STU-01937,22.9,25.0,0.185,1,4,33.0,6,1
STU-01938,55.2,45.2,0.379,6,4,60.6,6,0
STU-01939,81.8,72.2,0.817,6,4,65.7,2,0
STU-01940,72.5,65.9,0.583,3,6,73.0,8,0
STU-01941,59.3,47.9,0.418,4,2,53.6,4,0
STU-01942,67.5,54.4,0.785,3,1,62.7,3,0
STU-01943,60.4,50.5,0.539,0,0,52.3,3,0
STU-01944,82.2,80.6,0.776,5,1,79.6,1,0
STU-01945,73.7,61.0,0.657,9,5,65.2,4,0
STU-01946,65.2,65.5,0.76,13,2,65.3,5,0
STU-01947,48.4,70.5,0.577,0,1,70.2,6,0
STU-01948,20.0,25.0,0.05,0,3,20.0,2,1
STU-01949,75.8,72.6,0.505,7,2,63.5,6,0
STU-01950,20.0,25.0,0.052,5,2,20.0,2,1
STU-01951,20.0,26.5,0.161,0,1,20.0,3,1
STU-01952,54.7,71.8,0.442,7,7,85.1,10,0
STU-01953,78.5,69.9,0.519,6,6,60.2,3,0
STU-01954,21.3,28.3,0.182,0,1,20.0,3,1
STU-01955,34.5,32.1,0.25,0,3,38.2,3,1
STU-01956,83.8,77.5,0.734,1,3,65.5,2,0
STU-01957,43.1,42.6,0.542,6,0,52.2,4,0
STU-01958,98.2,96.8,0.736,6,4,93.3,3,0
STU-01959,44.0,35.0,0.139,0,2,20.0,5,1
STU-01960,52.4,47.0,0.324,0,3,20.0,1,1
STU-01961,77.4,57.2,0.547,0,3,48.4,9,0
STU-01962,45.9,59.8,0.328,0,8,56.2,8,0
STU-01963,29.3,27.4,0.144,4,1,45.0,4,1
STU-01964,42.7,45.5,0.267,0,0,41.2,3,1
STU-01965,42.9,57.4,0.416,0,1,43.2,6,1
STU-01966,27.2,25.0,0.16,0,4,20.0,4,1
STU-01967,51.7,54.2,0.288,0,4,22.0,3,0
STU-01968,61.1,31.8,0.382,5,1,25.7,3,0
STU-01969,79.2,91.0,0.697,3,0,56.3,2,0
STU-01970,61.3,59.5,0.503,2,2,25.5,2,0
STU-01971,44.4,43.7,0.376,0,3,39.0,4,0
STU-01972,46.8,57.1,0.338,3,2,29.1,8,0
STU-01973,64.5,46.8,0.553,4,2,51.3,7,0
STU-01974,68.5,62.9,0.751,5,4,56.6,11,0
STU-01975,31.4,37.0,0.178,0,6,20.0,1,1
STU-01976,30.2,25.0,0.136,2,3,32.6,3,1
STU-01977,53.3,66.4,0.421,0,2,44.9,8,0
STU-01978,53.1,47.1,0.565,2,3,28.6,4,0
STU-01979,40.9,41.2,0.183,7,3,37.3,2,0
STU-01980,54.8,44.8,0.499,1,3,51.7,3,0
STU-01981,81.9,81.2,0.733,8,1,68.4,5,0
STU-01982,20.0,25.0,0.076,0,3,32.0,4,1
STU-01983,61.0,52.1,0.533,1,0,48.3,1,0
STU-01984,76.5,54.8,0.669,0,4,47.4,5,0
STU-01985,65.8,48.3,0.512,2,2,37.1,4,0
STU-01986,70.2,65.3,0.652,2,2,39.5,2,0
STU-01987,42.0,25.0,0.201,2,4,20.0,2,1
STU-01988,63.5,66.8,0.583,7,5,86.2,3,0
STU-01989,54.7,45.5,0.507,11,6,60.6,8,0
STU-01990,42.0,30.6,0.217,3,6,32.3,2,1
STU-01991,75.7,67.3,0.727,7,2,59.1,6,0
STU-01992,61.9,78.8,0.796,0,0,23.7,3,0
STU-01993,92.2,87.5,0.902,4,2,67.1,2,0
STU-01994,69.3,72.8,0.65,0,3,75.5,1,0
STU-01995,66.5,58.8,0.528,7,3,64.1,5,0
STU-01996,81.1,76.8,0.759,12,1,77.6,9,0
STU-01997,64.2,62.2,0.652,4,10,62.2,7,0
STU-01998,43.2,33.1,0.369,0,1,20.0,4,1
STU-01999,57.3,50.5,0.527,1,2,25.0,0,0
STU-02000,75.1,76.4,0.811,5,0,58.6,3,0
STU-02001,55.4,39.9,0.509,5,0,53.4,5,0
STU-02002,30.5,29.5,0.365,7,1,44.9,6,1
STU-02003,49.1,41.0,0.436,5,4,44.3,3,0
STU-02004,65.8,63.4,0.506,8,10,90.2,9,0
STU-02005,65.2,50.1,0.507,11,5,64.1,9,0
STU-02006,62.8,67.1,0.626,6,1,57.5,3,0
STU-02007,76.2,58.2,0.73,10,1,66.0,0,0
STU-02008,43.8,31.7,0.308,3,1,43.3,5,0
STU-02009,76.9,67.0,0.692,2,2,46.4,3,0
STU-02010,61.9,54.6,0.456,5,6,55.6,5,0
STU-02011,30.4,25.0,0.062,2,5,44.0,5,1
STU-02012,94.7,82.5,0.885,10,1,94.0,4,0
STU-02013,38.5,37.9,0.36,5,8,56.3,3,0
STU-02014,27.9,25.0,0.199,10,4,36.0,11,1
STU-02015,34.7,30.9,0.351,2,2,20.0,6,1
STU-02016,29.5,25.0,0.05,0,0,34.8,3,1
STU-02017,56.5,62.9,0.302,6,5,70.0,4,0
STU-02018,70.1,55.6,0.573,12,7,63.4,8,0
STU-02019,58.3,39.6,0.464,2,1,37.5,4,0
STU-02020,46.5,54.6,0.389,0,2,26.0,1,0
STU-02021,63.5,56.7,0.442,2,3,59.0,4,0
STU-02022,78.8,75.0,0.647,11,5,79.5,1,0
STU-02023,55.8,52.3,0.498,0,4,29.1,7,0
STU-02024,56.8,59.5,0.31,0,1,20.0,1,0
STU-02025,31.2,25.0,0.422,10,2,32.1,1,1
STU-02026,45.4,58.1,0.44,2,0,28.9,1,0
STU-02027,20.0,25.0,0.05,0,2,23.1,4,1
STU-02028,54.0,50.4,0.61,0,4,47.8,9,0
STU-02029,62.2,53.2,0.563,5,0,48.0,3,0
STU-02030,69.3,72.3,0.618,1,1,58.8,0,0
STU-02031,81.2,78.1,0.853,5,1,55.9,8,0
STU-02032,66.6,70.2,0.61,5,1,59.0,3,0
STU-02033,47.7,41.8,0.412,5,4,54.2,6,0
STU-02034,65.9,57.2,0.57,7,3,70.3,2,0
STU-02035,46.2,34.9,0.342,0,6,30.3,2,0
STU-02036,56.4,45.5,0.529,5,4,50.4,2,0
STU-02037,60.5,69.8,0.55,2,10,74.8,9,0
STU-02038,20.0,25.0,0.317,0,0,20.0,1,1
STU-02039,77.8,78.0,0.766,2,1,69.7,1,0
STU-02040,65.0,56.4,0.672,5,1,68.5,3,0
STU-02041,42.5,34.3,0.404,6,2,34.5,3,1
STU-02042,78.0,80.7,0.605,6,2,52.1,3,0
STU-02043,68.6,45.2,0.516,2,1,68.0,3,0
STU-02044,55.9,72.1,0.639,6,2,39.8,6,0
STU-02045,40.5,31.1,0.426,0,2,22.3,2,1
STU-02046,45.7,31.5,0.175,0,2,42.2,4,1
STU-02047,53.1,42.3,0.277,3,2,27.7,8,0
STU-02048,86.9,76.8,0.965,7,3,60.5,5,0
STU-02049,25.9,25.0,0.077,0,1,20.0,1,1
STU-02050,60.8,69.2,0.735,5,3,43.0,4,0
STU-02051,23.5,25.0,0.05,0,8,25.0,6,1
STU-02052,49.5,59.5,0.42,2,3,32.5,2,0
STU-02053,56.9,54.2,0.393,0,5,41.5,4,0
STU-02054,78.5,100.0,0.715,0,1,52.5,1,0
STU-02055,32.3,31.6,0.357,7,4,27.3,6,1
STU-02056,79.4,63.1,0.587,2,2,59.4,6,0
STU-02057,42.4,63.4,0.197,0,3,41.6,6,0
STU-02058,72.1,57.8,0.698,5,4,63.5,7,0
STU-02059,65.1,71.5,0.633,8,3,64.6,4,0
STU-02060,66.9,66.6,0.669,9,4,86.1,7,0
STU-02061,64.9,57.2,0.546,5,5,46.5,5,0
STU-02062,96.5,73.8,0.806,4,6,83.9,5,0
STU-02063,60.1,52.5,0.491,3,2,49.4,5,0
STU-02064,80.9,79.0,0.873,9,2,68.5,4,0
STU-02065,47.8,55.4,0.373,6,3,49.0,6,0
STU-02066,49.4,47.6,0.255,1,1,40.9,4,0
STU-02067,45.4,37.1,0.291,1,3,24.3,1,1
STU-02068,59.4,44.0,0.587,3,0,48.7,3,0
STU-02069,65.8,69.2,0.416,0,4,46.3,4,0
STU-02070,58.5,54.1,0.435,3,0,25.6,4,0
STU-02071,74.8,59.2,0.602,12,3,38.3,4,0
STU-02072,38.0,38.6,0.363,5,2,46.8,7,0
STU-02073,53.3,49.9,0.428,9,3,73.4,3,0
STU-02074,31.5,25.0,0.104,3,6,38.4,7,1
STU-02075,44.7,40.8,0.128,0,0,25.2,2,1
STU-02076,61.6,38.2,0.57,0,0,54.0,1,0
STU-02077,74.6,77.0,0.445,0,2,20.0,1,0
STU-02078,95.0,98.7,0.843,0,0,83.9,2,0
STU-02079,49.5,37.3,0.628,7,1,38.1,2,0
STU-02080,98.0,88.3,1.0,7,1,95.3,6,0
STU-02081,53.8,59.7,0.23,0,4,49.9,2,0
STU-02082,63.0,60.1,0.563,8,4,68.2,1,0
STU-02083,71.1,57.1,0.438,5,1,49.8,4,0
STU-02084,52.5,59.9,0.406,3,2,66.9,2,0
STU-02085,57.4,61.5,0.516,6,2,55.5,6,0
STU-02086,56.6,46.1,0.594,4,0,58.3,3,0
STU-02087,27.1,25.0,0.256,3,2,22.8,2,1
STU-02088,43.2,25.0,0.284,5,5,20.0,6,0
STU-02089,68.1,71.3,0.661,0,1,55.2,2,0
STU-02090,49.1,47.2,0.296,5,1,46.7,4,0
STU-02091,38.0,25.5,0.182,2,8,26.3,8,1
STU-02092,73.4,47.5,0.645,11,2,73.8,6,0
STU-02093,78.7,74.9,0.656,3,3,48.1,1,0
STU-02094,66.3,52.8,0.552,2,0,53.3,1,0
STU-02095,33.1,31.5,0.128,0,0,31.3,3,1
STU-02096,72.4,80.3,0.558,0,3,51.2,5,0
STU-02097,92.2,77.3,0.885,10,4,92.1,7,0
STU-02098,61.9,61.0,0.617,5,4,38.2,11,0
STU-02099,58.9,58.5,0.408,0,1,54.8,2,0
STU-02100,83.7,83.1,0.775,5,2,66.3,5,0
STU-02101,81.1,79.8,0.62,0,5,74.9,5,0
STU-02102,85.4,58.7,0.796,7,1,73.1,4,0
STU-02103,68.9,66.1,0.503,0,3,51.5,1,0
STU-02104,68.3,69.7,0.563,4,5,70.2,15,0
STU-02105,44.2,32.5,0.487,7,1,25.3,4,0
STU-02106,52.9,58.4,0.38,0,5,51.8,10,0
STU-02107,21.4,25.0,0.231,0,2,20.0,4,1
STU-02108,39.7,35.9,0.176,2,7,38.4,5,1
STU-02109,86.5,84.9,0.756,8,4,71.2,4,0
STU-02110,62.3,64.6,0.366,0,1,32.9,1,0
STU-02111,74.0,63.6,0.693,0,2,60.7,6,0
STU-02112,52.5,56.6,0.46,5,7,58.4,8,0
STU-02113,25.3,33.3,0.13,0,1,20.0,3,1
STU-02114,56.2,44.7,0.33,1,5,38.7,4,0
STU-02115,46.6,30.8,0.253,0,6,20.0,2,1
STU-02116,48.6,47.3,0.356,0,3,31.5,6,0
STU-02117,74.7,74.2,0.643,6,5,65.0,10,0
STU-02118,55.3,38.3,0.214,7,3,56.1,6,0
STU-02119,55.4,50.3,0.425,1,2,21.8,2,0
STU-02120,53.3,27.2,0.472,8,1,43.1,8,0
STU-02121,72.8,60.4,0.532,0,3,34.2,3,0
STU-02122,50.7,48.0,0.473,1,5,50.7,5,0
STU-02123,57.8,29.5,0.484,5,1,44.9,6,0
STU-02124,42.3,49.2,0.498,5,7,50.0,1,0
STU-02125,44.4,43.1,0.262,0,5,53.3,6,0
STU-02126,56.3,48.0,0.444,0,2,20.0,3,0
STU-02127,100.0,89.1,0.885,9,3,87.6,7,0
STU-02128,38.6,49.0,0.513,9,2,63.2,1,0
STU-02129,48.1,34.9,0.293,1,3,37.8,2,0
STU-02130,28.4,25.0,0.179,2,5,21.9,2,1
STU-02131,27.7,32.7,0.314,6,7,59.5,4,1
STU-02132,51.5,41.0,0.404,0,2,28.5,3,0
STU-02133,25.6,34.5,0.26,4,4,35.2,4,1
STU-02134,85.5,74.3,0.783,1,1,55.5,5,0
STU-02135,61.1,49.6,0.505,2,2,36.4,4,0
STU-02136,73.8,100.0,0.845,7,4,63.8,4,0
STU-02137,56.2,43.4,0.439,2,3,51.2,11,0
STU-02138,60.9,45.2,0.484,2,3,36.7,3,0
STU-02139,60.9,77.9,0.534,3,2,42.9,1,0
STU-02140,53.9,50.5,0.321,1,2,60.4,2,0
STU-02141,88.2,76.3,0.9,6,6,83.4,3,0
STU-02142,20.0,25.0,0.16,10,8,40.8,17,1
STU-02143,20.0,25.0,0.05,0,2,20.2,1,1
STU-02144,48.1,41.6,0.091,0,2,28.9,3,1
STU-02145,73.6,55.8,0.666,11,4,70.6,4,0
STU-02146,54.2,59.5,0.529,0,2,34.7,1,0
STU-02147,67.5,80.5,0.722,9,4,64.2,4,0
STU-02148,38.9,44.3,0.364,8,5,61.6,12,0
STU-02149,66.1,79.6,0.632,4,2,62.9,3,0
STU-02150,93.0,86.0,0.901,9,2,55.0,6,0
STU-02151,52.2,44.8,0.348,0,2,27.6,2,0
STU-02152,48.6,64.7,0.513,0,5,61.9,8,0
STU-02153,74.9,71.6,0.656,10,1,67.4,7,0
STU-02154,41.9,35.7,0.151,0,3,20.0,2,1
STU-02155,64.1,78.3,0.477,1,2,37.1,5,0
STU-02156,51.3,56.1,0.411,1,1,48.9,6,0
STU-02157,45.5,53.1,0.392,6,1,61.2,4,0
STU-02158,71.9,76.7,0.476,2,4,53.0,5,0
STU-02159,20.0,25.0,0.05,4,4,30.7,5,1
STU-02160,34.1,25.0,0.304,7,2,29.8,2,1
STU-02161,27.8,25.0,0.086,0,2,20.0,1,1
STU-02162,44.3,41.0,0.324,0,1,32.1,6,1
STU-02163,46.1,39.8,0.378,2,6,60.3,2,0
STU-02164,20.0,25.0,0.055,0,2,20.0,3,1
STU-02165,39.9,28.4,0.27,2,0,27.0,4,1
STU-02166,39.9,39.6,0.101,2,2,22.3,2,1
STU-02167,97.9,100.0,0.825,0,3,47.0,1,0
STU-02168,84.1,86.0,0.783,0,1,68.4,4,0
STU-02169,43.5,30.7,0.341,2,0,51.1,4,1
STU-02170,46.3,53.8,0.309,0,3,31.2,4,1
STU-02171,36.5,29.3,0.386,7,6,41.2,11,0
STU-02172,34.5,25.0,0.285,9,4,28.4,8,1
STU-02173,49.4,42.6,0.494,0,1,34.4,3,0
STU-02174,39.1,28.6,0.419,2,1,37.2,4,1
STU-02175,49.6,59.5,0.396,1,3,33.3,1,0
STU-02176,26.1,30.9,0.19,0,1,20.0,3,1
STU-02177,43.9,46.1,0.273,9,3,76.8,6,0
STU-02178,64.0,54.7,0.512,5,3,40.3,1,0
STU-02179,48.8,53.4,0.195,0,4,20.8,4,0
STU-02180,71.2,61.2,0.597,1,2,36.5,7,0
STU-02181,37.9,28.2,0.372,9,7,45.5,8,0
STU-02182,80.0,68.7,0.633,2,2,58.3,3,0
STU-02183,46.3,35.4,0.537,5,1,35.2,5,0
STU-02184,55.6,61.2,0.479,5,6,69.9,11,0
STU-02185,37.0,44.0,0.452,0,1,29.0,2,1
STU-02186,21.0,28.0,0.238,3,0,26.5,6,1
STU-02187,44.5,29.9,0.077,0,1,20.0,6,1
STU-02188,67.9,61.8,0.442,0,0,51.2,4,0
STU-02189,79.9,61.4,0.685,6,0,60.0,2,0
STU-02190,31.8,33.1,0.243,0,6,53.2,7,1
STU-02191,83.2,70.0,0.496,0,7,67.1,4,0
STU-02192,62.8,56.4,0.484,4,2,58.1,4,0
STU-02193,48.3,52.7,0.383,3,3,58.2,6,0
STU-02194,74.2,55.4,0.505,0,3,53.5,1,0
STU-02195,100.0,90.1,1.0,10,2,100.0,5,0
STU-02196,100.0,100.0,0.969,5,1,77.3,0,0
STU-02197,38.4,25.0,0.382,6,2,46.9,3,0
STU-02198,37.1,30.7,0.274,0,2,20.0,2,1
STU-02199,81.2,73.6,0.861,0,3,48.0,1,0
STU-02200,20.0,31.2,0.05,0,4,37.4,4,1
STU-02201,36.4,34.6,0.204,3,1,32.4,10,1
STU-02202,44.2,40.6,0.132,0,1,20.0,3,1
STU-02203,72.8,66.9,0.627,6,3,52.9,6,0
STU-02204,62.8,54.5,0.67,8,5,72.1,10,0
STU-02205,39.0,33.8,0.31,9,2,44.0,5,0
STU-02206,42.8,29.1,0.269,0,1,48.1,8,1
STU-02207,51.5,48.1,0.353,4,0,45.2,7,0
STU-02208,20.0,25.0,0.05,0,4,20.0,2,1
STU-02209,99.5,91.6,0.859,6,6,82.4,4,0
STU-02210,54.7,55.7,0.447,1,1,37.3,3,0
STU-02211,75.8,65.1,0.496,1,1,52.6,6,0
STU-02212,33.1,34.7,0.401,3,2,44.7,4,0
STU-02213,53.4,47.3,0.502,3,1,58.3,5,0
STU-02214,48.5,26.7,0.192,0,2,20.0,1,1
STU-02215,20.0,25.0,0.05,2,6,25.8,3,1
STU-02216,29.3,25.0,0.309,5,4,29.2,10,1
STU-02217,23.3,25.0,0.091,5,5,20.0,13,1
STU-02218,20.0,25.0,0.178,1,3,34.2,8,1
STU-02219,48.0,30.6,0.472,11,5,65.8,11,0
STU-02220,73.0,64.1,0.563,0,1,50.5,3,0
STU-02221,56.5,55.2,0.343,9,7,65.8,6,0
STU-02222,93.3,81.7,1.0,9,3,84.2,5,0
STU-02223,48.6,54.2,0.347,1,7,71.4,13,0
STU-02224,89.6,65.1,0.587,1,4,33.3,3,0
STU-02225,35.0,25.0,0.294,0,1,20.0,4,1
STU-02226,62.6,59.5,0.556,3,2,45.6,0,0
STU-02227,50.6,49.9,0.577,0,3,70.8,3,0
STU-02228,40.0,41.9,0.273,4,7,73.0,11,0
STU-02229,86.7,62.9,0.797,6,3,58.8,2,0
STU-02230,47.1,62.3,0.305,0,6,42.8,8,0
STU-02231,22.8,30.5,0.264,2,6,41.8,4,1
STU-02232,24.6,29.5,0.09,0,3,29.2,4,1
STU-02233,55.7,26.0,0.467,9,3,37.5,2,0
STU-02234,53.1,44.0,0.398,5,5,31.4,8,0
STU-02235,58.7,59.5,0.486,5,3,93.6,4,0
STU-02236,26.4,41.5,0.19,1,1,47.2,2,1
STU-02237,50.6,59.1,0.405,0,1,37.9,5,0
STU-02238,67.4,60.6,0.644,4,4,46.8,4,0
STU-02239,75.1,89.4,0.812,13,1,83.0,7,0
STU-02240,100.0,85.7,0.941,10,1,90.8,10,0
STU-02241,75.8,80.1,0.612,0,1,58.6,3,0
STU-02242,49.0,25.7,0.348,3,0,31.3,2,1
STU-02243,82.2,82.9,0.531,0,0,52.0,2,0
STU-02244,35.2,25.0,0.05,0,1,20.0,5,1
STU-02245,85.1,67.0,0.698,9,4,78.3,2,0
STU-02246,70.7,60.9,0.43,4,2,58.5,8,0
STU-02247,45.0,36.5,0.614,7,3,52.2,5,0
STU-02248,20.0,25.0,0.098,2,3,33.1,4,1
STU-02249,46.2,53.0,0.397,0,3,20.0,3,0
STU-02250,32.2,25.0,0.084,9,3,34.3,6,1
STU-02251,77.9,63.6,0.525,2,3,60.2,8,0
STU-02252,81.1,74.6,0.676,0,2,53.0,2,0
STU-02253,34.4,25.0,0.27,0,2,21.0,3,1
STU-02254,68.2,55.8,0.462,1,2,45.0,3,0
STU-02255,45.3,41.7,0.518,6,4,33.4,4,0
STU-02256,35.5,29.0,0.155,0,5,20.0,3,1
STU-02257,69.0,82.1,0.67,1,0,40.1,2,0
STU-02258,55.8,45.1,0.58,9,2,58.8,6,0
STU-02259,94.2,99.7,0.825,10,6,92.6,5,0
STU-02260,32.8,36.4,0.413,4,3,46.6,2,0
STU-02261,81.9,67.1,0.66,0,4,62.1,2,0
STU-02262,47.2,53.3,0.277,0,3,43.3,4,0
STU-02263,61.5,72.3,0.617,0,1,36.1,3,0
STU-02264,65.6,42.1,0.421,6,8,49.7,3,0
STU-02265,47.7,50.7,0.489,0,2,27.0,2,0
STU-02266,48.2,47.6,0.368,0,2,30.1,4,1
STU-02267,22.5,25.0,0.116,0,1,20.0,4,1
STU-02268,90.9,76.9,0.79,11,2,76.4,9,0
STU-02269,72.7,82.0,0.626,7,3,81.2,6,0
STU-02270,72.7,69.5,0.649,6,1,54.4,0,0
STU-02271,97.6,90.1,0.807,3,1,78.2,4,0
STU-02272,89.2,87.2,0.857,2,2,67.3,5,0
STU-02273,46.0,29.6,0.337,2,3,42.5,5,1
STU-02274,67.1,60.3,0.378,7,4,73.8,8,0
STU-02275,55.6,27.3,0.152,1,2,29.4,3,1
STU-02276,78.4,58.9,0.632,14,2,41.5,3,0
STU-02277,49.4,58.1,0.458,9,3,42.0,7,0
STU-02278,81.5,78.1,0.594,0,2,70.7,2,0
STU-02279,73.1,53.7,0.595,0,3,51.2,3,0
STU-02280,39.4,49.8,0.3,0,1,22.7,5,1
STU-02281,86.9,73.8,0.84,11,4,80.5,9,0
STU-02282,20.0,25.0,0.05,0,3,20.0,5,1
STU-02283,20.0,25.0,0.16,5,3,41.0,6,1
STU-02284,74.7,71.6,0.504,5,4,58.7,5,0
STU-02285,58.8,40.6,0.481,5,2,40.6,1,0
STU-02286,70.9,59.8,0.54,7,2,59.7,9,0
STU-02287,34.4,25.0,0.344,3,1,30.6,1,1
STU-02288,48.7,61.6,0.574,2,3,46.2,3,0
STU-02289,82.1,82.3,0.632,0,3,59.5,2,0
STU-02290,74.5,72.6,0.516,1,0,69.6,5,0
STU-02291,76.7,75.0,0.533,8,2,53.5,3,0
STU-02292,46.4,33.9,0.48,0,6,20.0,0,1
STU-02293,39.0,36.6,0.366,0,3,21.2,1,1
STU-02294,20.0,25.0,0.05,3,4,20.0,3,1
STU-02295,62.5,53.8,0.642,7,1,45.2,1,0
STU-02296,78.0,72.5,0.794,7,1,75.4,3,0
STU-02297,44.8,25.0,0.331,4,4,21.0,9,0
STU-02298,42.3,33.5,0.393,0,1,32.6,0,1
STU-02299,34.1,30.1,0.347,7,5,51.9,5,0
STU-02300,34.9,28.0,0.171,0,1,29.0,4,1
STU-02301,51.1,51.1,0.49,2,4,20.0,2,0
STU-02302,20.0,25.0,0.256,10,6,23.8,5,1
STU-02303,77.3,62.2,0.65,3,0,59.7,2,0
STU-02304,67.4,59.2,0.44,0,3,29.8,4,0
STU-02305,41.8,40.3,0.393,0,3,38.2,5,0
STU-02306,20.0,25.0,0.15,4,2,20.0,5,1
STU-02307,45.1,41.3,0.418,9,4,46.6,5,0
STU-02308,61.0,50.6,0.421,0,10,85.2,5,0
STU-02309,20.0,25.0,0.05,2,5,20.0,7,1
STU-02310,31.7,33.9,0.261,0,3,20.0,2,1
STU-02311,40.0,25.0,0.12,0,1,34.0,4,1
STU-02312,69.4,77.3,0.702,0,1,72.8,2,0
STU-02313,42.9,34.5,0.312,1,3,59.9,3,1
STU-02314,63.3,56.8,0.501,3,4,54.0,8,0
STU-02315,69.9,57.5,0.693,1,1,39.6,1,0
STU-02316,81.3,83.9,0.68,0,2,72.1,1,0
STU-02317,41.3,28.9,0.231,0,4,52.3,5,1
STU-02318,66.4,60.1,0.511,5,0,49.6,1,0
STU-02319,36.9,25.0,0.259,5,4,29.7,2,1
STU-02320,85.2,75.8,0.646,13,8,91.4,11,0
STU-02321,26.7,25.0,0.188,0,2,20.0,2,1
STU-02322,39.3,31.3,0.419,3,1,20.0,5,1
STU-02323,60.9,64.6,0.505,3,3,25.6,0,0
STU-02324,20.0,25.0,0.05,0,4,20.0,3,1
STU-02325,47.8,65.2,0.553,2,1,35.5,3,0
STU-02326,74.5,79.9,0.519,0,1,41.2,3,0
STU-02327,80.8,70.5,0.74,14,8,69.6,6,0
STU-02328,57.0,25.0,0.451,11,1,44.6,6,0
STU-02329,37.1,30.9,0.085,0,4,34.6,2,1
STU-02330,85.1,86.5,0.938,9,3,59.0,6,0
STU-02331,20.0,25.0,0.05,4,10,35.2,5,1
STU-02332,44.8,53.4,0.365,5,4,21.4,5,0
STU-02333,79.8,69.5,0.631,9,8,94.8,11,0
STU-02334,47.0,66.2,0.494,2,5,41.4,5,0
STU-02335,65.3,59.5,0.491,6,3,80.2,6,0
STU-02336,75.7,97.3,0.64,0,3,74.6,4,0
STU-02337,73.4,75.7,0.612,4,4,54.4,8,0
STU-02338,64.1,56.1,0.563,3,2,49.1,4,0
STU-02339,100.0,100.0,0.961,7,1,97.6,4,0
STU-02340,43.2,37.8,0.463,0,2,45.9,3,0
STU-02341,35.8,25.0,0.127,0,1,22.2,1,1
STU-02342,69.8,69.4,0.576,8,7,58.0,8,0
STU-02343,67.5,60.1,0.553,7,1,59.8,3,0
STU-02344,54.3,43.5,0.507,2,4,20.0,3,0
STU-02345,39.7,30.5,0.288,0,1,20.0,2,1
STU-02346,92.6,76.1,0.829,0,3,89.4,3,0
STU-02347,62.1,64.0,0.428,0,2,22.2,0,0
STU-02348,45.5,29.5,0.05,0,1,20.0,3,1
STU-02349,81.2,76.5,0.74,9,2,71.3,4,0
STU-02350,60.6,57.7,0.665,8,3,70.2,6,0
STU-02351,55.3,55.1,0.485,0,1,41.2,1,0
STU-02352,83.0,67.6,0.76,3,3,34.4,7,0
STU-02353,46.6,25.0,0.287,6,3,20.6,4,1
STU-02354,54.6,58.7,0.501,0,2,38.6,1,0
STU-02355,77.8,85.8,0.85,0,1,45.1,3,0
STU-02356,74.3,58.9,0.61,7,1,58.5,6,0
STU-02357,52.4,43.4,0.283,1,6,49.3,6,0
STU-02358,46.8,37.6,0.449,2,2,29.9,3,0
STU-02359,51.7,29.4,0.301,2,2,49.8,5,1
STU-02360,51.2,45.8,0.203,5,7,59.5,11,0
STU-02361,43.6,30.6,0.328,0,1,43.2,1,1
STU-02362,83.8,68.2,0.728,5,0,76.4,3,0
STU-02363,20.0,25.0,0.05,0,1,20.0,9,1
STU-02364,97.9,92.4,0.881,14,2,74.5,10,0
STU-02365,35.8,36.6,0.415,0,1,20.0,1,1
STU-02366,41.8,51.9,0.365,2,5,57.1,7,0
STU-02367,37.1,26.5,0.42,6,6,30.2,4,1
STU-02368,99.1,87.9,0.944,8,1,92.6,5,0
STU-02369,80.7,86.0,0.64,5,2,55.4,4,0
STU-02370,89.0,77.2,0.65,6,6,73.5,4,0
STU-02371,20.0,25.0,0.072,0,1,20.0,2,1
STU-02372,79.2,68.0,0.635,0,2,41.6,2,0
STU-02373,54.8,41.7,0.244,0,1,52.8,3,1
STU-02374,20.0,25.0,0.05,0,4,20.0,12,1
STU-02375,47.8,48.5,0.45,8,4,51.3,5,0
STU-02376,50.3,40.3,0.164,0,3,20.0,2,1
STU-02377,51.4,46.0,0.412,0,2,28.0,4,0
STU-02378,50.0,35.9,0.309,0,0,41.0,2,1
STU-02379,61.3,40.9,0.365,0,0,26.8,4,0
STU-02380,91.6,79.4,0.699,0,3,52.8,2,0
STU-02381,86.3,75.5,0.667,5,6,91.4,10,0
STU-02382,20.0,25.0,0.05,6,0,22.5,3,1
STU-02383,55.0,48.0,0.402,9,6,51.2,5,0
STU-02384,60.8,48.9,0.683,9,8,45.3,4,0
STU-02385,28.1,25.0,0.174,3,3,22.3,7,1
STU-02386,68.4,52.1,0.647,2,2,40.0,4,0
STU-02387,83.8,83.1,0.723,2,2,55.8,9,0
STU-02388,48.4,30.6,0.228,4,4,20.4,11,1
STU-02389,63.3,43.5,0.604,0,6,23.6,2,0
STU-02390,34.4,29.3,0.199,6,8,53.6,5,0
STU-02391,41.3,25.0,0.217,1,2,26.0,4,1
STU-02392,95.2,80.8,0.824,6,2,79.9,3,0
STU-02393,56.5,32.7,0.242,1,0,21.7,2,1
STU-02394,65.1,59.0,0.511,0,2,49.8,4,0
STU-02395,20.0,25.0,0.08,0,2,20.0,1,1
STU-02396,77.5,81.3,0.742,0,1,68.5,1,0
STU-02397,77.1,71.5,0.747,7,0,61.8,1,0
STU-02398,62.4,54.0,0.531,2,2,38.9,4,0
STU-02399,61.1,51.1,0.441,0,3,39.0,2,0
STU-02400,38.8,26.0,0.224,4,0,20.0,1,1
STU-02401,72.1,72.3,0.764,0,2,65.7,3,0
STU-02402,35.9,48.9,0.101,0,2,23.9,4,1
STU-02403,58.5,39.2,0.422,5,2,60.7,3,0
STU-02404,42.7,30.2,0.342,1,5,49.2,4,1
STU-02405,51.6,58.8,0.426,0,2,20.0,0,0
STU-02406,66.4,61.9,0.595,5,8,74.8,3,0
STU-02407,69.1,45.7,0.713,8,1,56.6,6,0
STU-02408,61.7,58.5,0.41,3,5,57.7,1,0
STU-02409,49.5,25.0,0.265,0,1,32.1,8,1
STU-02410,76.8,64.9,0.458,2,3,20.0,7,0
STU-02411,53.3,45.7,0.379,3,3,29.7,6,0
STU-02412,100.0,96.7,0.954,10,1,100.0,4,0
STU-02413,30.2,25.0,0.065,5,3,23.1,5,1
STU-02414,58.9,71.4,0.45,0,3,48.2,0,0
STU-02415,85.6,65.1,0.824,3,3,50.7,4,0
STU-02416,57.1,32.1,0.517,6,1,28.6,5,0
STU-02417,100.0,100.0,1.0,9,2,100.0,6,0
STU-02418,88.4,73.0,0.892,10,3,76.7,3,0
STU-02419,67.0,62.0,0.485,0,4,60.5,4,0
STU-02420,61.0,45.0,0.477,12,3,66.2,6,0
STU-02421,43.9,43.8,0.369,3,3,45.5,5,0
STU-02422,63.3,45.7,0.488,4,3,44.5,8,0
STU-02423,68.1,55.8,0.439,0,0,20.0,2,0
STU-02424,67.8,76.4,0.65,0,4,67.9,1,0
STU-02425,45.3,51.9,0.308,0,4,47.9,4,0
STU-02426,40.0,25.0,0.449,6,0,35.4,5,1
STU-02427,75.6,74.4,0.694,5,1,54.4,4,0
STU-02428,79.2,67.2,0.61,1,2,43.6,7,0
STU-02429,59.5,55.0,0.382,0,1,45.5,8,0
STU-02430,67.0,71.7,0.492,0,4,36.9,0,0
STU-02431,47.3,35.1,0.383,1,1,39.4,2,1
STU-02432,41.1,46.6,0.274,3,1,21.0,1,1
STU-02433,47.3,50.1,0.356,10,4,45.5,4,0
STU-02434,33.9,28.6,0.256,6,3,56.8,7,1
STU-02435,43.7,43.1,0.531,1,3,56.3,10,0
STU-02436,24.6,25.0,0.191,0,6,46.7,6,1
STU-02437,26.2,41.0,0.05,0,3,34.5,3,1
STU-02438,20.0,25.0,0.197,9,5,25.3,11,1
STU-02439,30.8,25.0,0.285,0,2,20.0,5,1
STU-02440,72.8,78.1,0.468,0,1,46.5,2,0
STU-02441,45.1,38.0,0.326,11,2,46.4,8,0
STU-02442,62.7,60.1,0.661,6,4,39.1,4,0
STU-02443,34.1,26.5,0.292,0,1,20.0,5,1
STU-02444,61.9,68.4,0.801,0,1,61.6,2,0
STU-02445,58.7,45.6,0.339,1,2,52.6,1,0
STU-02446,51.1,65.6,0.67,2,2,52.1,0,0
STU-02447,100.0,100.0,0.882,9,1,93.1,7,0
STU-02448,80.3,92.4,0.744,3,1,60.7,2,0
STU-02449,61.6,56.6,0.449,9,5,63.7,11,0
STU-02450,72.9,44.0,0.576,9,3,63.1,2,0
STU-02451,26.1,25.0,0.355,0,4,23.8,4,1
STU-02452,74.4,55.1,0.709,4,2,60.7,0,0
STU-02453,39.9,52.5,0.288,0,2,25.3,1,1
STU-02454,30.3,25.0,0.146,0,0,20.0,3,1
STU-02455,63.1,66.1,0.499,0,6,62.5,4,0
STU-02456,45.6,45.3,0.174,3,5,58.8,8,0
STU-02457,95.2,100.0,0.762,5,2,81.6,3,0
STU-02458,62.2,47.8,0.563,3,2,49.7,1,0
STU-02459,79.9,81.5,0.779,4,1,71.0,2,0
STU-02460,84.5,66.5,0.646,13,4,73.7,7,0
STU-02461,59.7,65.7,0.454,0,8,44.6,3,0
STU-02462,33.3,34.1,0.345,2,4,24.2,7,1
STU-02463,51.6,42.8,0.326,7,4,45.1,6,0
STU-02464,57.0,49.1,0.32,0,3,39.6,4,0
STU-02465,84.5,70.9,0.782,8,2,64.7,11,0
STU-02466,50.3,46.4,0.346,0,4,40.6,4,0
STU-02467,38.3,28.1,0.361,9,2,45.9,3,1
STU-02468,24.6,26.1,0.1,0,2,27.9,3,1
STU-02469,46.3,32.8,0.466,15,2,78.2,13,0
STU-02470,32.1,25.0,0.05,0,3,20.0,3,1
STU-02471,67.8,58.9,0.619,8,0,46.2,2,0
STU-02472,75.9,75.2,0.54,2,2,51.1,5,0
STU-02473,53.3,44.5,0.438,8,7,63.2,12,0
STU-02474,20.0,25.0,0.05,2,3,20.0,8,1
STU-02475,60.3,56.6,0.341,1,2,30.8,1,0
STU-02476,54.6,53.4,0.591,4,4,47.2,5,0
STU-02477,84.1,79.8,0.738,0,3,77.6,7,0
STU-02478,24.4,25.0,0.189,3,0,20.0,3,1
STU-02479,39.8,25.0,0.146,1,4,65.3,6,0
STU-02480,95.7,91.0,0.985,14,2,93.1,8,0
STU-02481,57.9,66.2,0.557,3,5,63.7,6,0
STU-02482,86.5,68.0,0.752,9,1,59.6,5,0
STU-02483,54.3,52.3,0.275,2,3,55.2,3,0
STU-02484,67.2,33.8,0.557,3,4,55.3,6,0
STU-02485,43.6,55.8,0.461,0,2,55.3,3,0
STU-02486,40.3,34.3,0.353,2,3,20.9,5,1
STU-02487,71.5,72.3,0.581,7,8,92.3,5,0
STU-02488,40.1,38.2,0.214,8,5,20.0,7,0
STU-02489,63.8,56.0,0.456,6,1,65.5,4,0
STU-02490,66.3,59.2,0.56,7,0,56.7,3,0
STU-02491,36.3,30.2,0.475,9,2,48.3,10,0
STU-02492,73.1,56.0,0.424,7,2,68.2,8,0
STU-02493,44.8,27.2,0.295,0,4,46.3,3,1
STU-02494,52.9,25.7,0.658,10,2,20.0,10,0
STU-02495,39.0,31.8,0.329,2,3,40.8,5,1
STU-02496,20.2,36.2,0.231,0,0,20.0,5,1
STU-02497,52.5,48.2,0.232,0,0,39.8,1,1
STU-02498,62.6,40.4,0.395,7,3,40.0,4,0
STU-02499,75.6,64.2,0.791,9,1,77.7,5,0
STU-02500,22.8,25.0,0.205,0,5,22.3,6,1
